Tool	Bioc	CRAN	PyPI	Conda	GitHub
acorde	NA	NA	NA	NA	ConesaLab/acorde
ACTINN	NA	NA	NA	NA	mafeiyang/ACTINN
ACTION	NA	NA	NA	NA	NA
ACTIONet	NA	NA	NA	NA	shmohammadi86/ACTIONet
ACTIVA	NA	NA	NA	NA	SindiLab/ACTIVA
activeSVC	NA	NA	activeSVC	NA	xqchen/activeSVC
ADC	NA	NA	NA	NA	zhanglabtools/ADC
ADClust	NA	NA	NA	NA	biomed-AI/ADClust
ADImpute	ADImpute	NA	NA	NA	beyergroup/ADImpute
adobo	NA	NA	adobo	NA	oscar-franzen/adobo
adverSCarial	adverSCarial	NA	NA	NA	GhislainFievet/adverSCarial
AE-TPGG	NA	NA	NA	NA	PUGEA/AE-TPGG
aggregateBioVar	aggregateBioVar	NA	NA	NA	jasonratcliff/aggregateBioVar
AGImpute	NA	NA	NA	NA	xszhu-lab/AGImpute
airpart	airpart	NA	NA	NA	Wancen/airpart
airrflow	NA	NA	NA	NA	nf-core/airrflow
Alakazam	NA	alakazam	NA	NA	immcantation/alakazam
aLDG	NA	NA	NA	NA	JINJINT/aLDG
alevin-fry	NA	NA	NA	NA	COMBINE-lab/alevin-fry
alevinQC	alevinQC	NA	NA	NA	csoneson/alevinQC
ALRA	NA	NA	NA	NA	KlugerLab/ALRA
AltAnalyze	NA	NA	AltAnalyze	NA	nsalomonis/altanalyze
AlzScPred	NA	NA	AlzScPred	NA	raghavagps/alzscpred
AmbientContaminationMetrics	NA	NA	NA	NA	Ken-Lau-Lab/AmbientContaminationMetrics
anchor	NA	NA	anchor-bio	NA	yeolab/anchor
Anchored-Fusion	NA	NA	NA	NA	ShenLab-Genomics/Anchored-Fusion
Annotatability	NA	NA	Annotatability	NA	nitzanlab/Annotatability
AnnSql	NA	NA	AnnSQL	NA	ArpiarSaundersLab/annsql
ANS	NA	NA	NA	NA	lciernik/ANS_signature_scoring
anticor_features	NA	NA	anticor-features	NA	NA
APL	APL	NA	NA	NA	VingronLab/APL
ASAP	NA	NA	NA	NA	DeplanckeLab/ASAP
Asc-Seurat	NA	NA	NA	NA	KirstLab/asc_seurat
ascend	NA	NA	NA	NA	powellgenomicslab/ascend
ASTK	NA	NA	astk	NA	huang-sh/astk
ASURAT	ASURAT	NA	NA	NA	keita-iida/ASURAT
ATAXIC	NA	NA	NA	NA	XS-Wang-Lab/ATAXIC
AUCell	AUCell	NA	NA	NA	aertslab/AUCell
Augur	NA	NA	NA	NA	neurorestore/Augur
AutoClass	NA	NA	NA	NA	datapplab/AutoClass
AutoImpute	NA	NA	NA	NA	divyanshu-talwar/AutoImpute
AutomaticCellTypeIdentification	NA	NA	NA	NA	xiebb123456/AutomaticCellTypeIdentification
AWGAN	NA	NA	awgan	NA	HelloWorldLTY/AWGAN
BABEL	NA	NA	NA	NA	wukevin/babel
BackSPIN	NA	NA	backspinpy	NA	linnarsson-lab/BackSPIN
badger	NA	NA	NA	NA	JEFworks/badger
BALDR	NA	NA	NA	NA	BosingerLab/BALDR
BAMMSC	NA	NA	NA	NA	CHPGenetics/BAMMSC
BarCounter	NA	NA	NA	NA	AllenInstitute/BarCounter-release
baredSC	NA	NA	baredSC	NA	lldelisle/baredSC
BarMixer	NA	NA	NA	NA	AllenInstitute/BarMixer
BARtab	NA	NA	NA	NA	DaneVass/BARtab
bartools	NA	NA	NA	NA	DaneVass/bartools
BASIC	NA	NA	NA	NA	NA
BASiCS	BASiCS	NA	NA	NA	catavallejos/BASiCS
BASiCStan	BASiCStan	NA	NA	NA	Alanocallaghan/BASiCStan
BasisVAE	NA	NA	NA	NA	kasparmartens/BasisVAE
BatchAIF	NA	NA	batchaif	NA	NA
BatchBench	NA	NA	NA	NA	cellgeni/batchbench
batchelor	batchelor	NA	NA	NA	LTLA/batchelor
BATMAN	NA	NA	NA	NA	mandricigor/batman
BayesEATS	NA	NA	NA	NA	jingeyu/BayesEATS
BayesPrism	NA	NA	NA	NA	Danko-Lab/TED
bayNorm	bayNorm	NA	NA	NA	WT215/bayNorm
bbknn	NA	NA	bbknn	NA	Teichlab/bbknn
BC_tSNE	NA	NA	NA	NA	emanuelealiverti/BC_tSNE
bcbio	NA	NA	bcbio	NA	bcbio/bcbio-nextgen
bcbioSingleCell	NA	NA	NA	NA	hbc/bcbioSingleCell
BCseq	NA	NA	NA	NA	NA
BDA	NA	NA	NA	NA	gbouland/BDA
BEANIE	NA	NA	NA	NA	sjohri20/beanie
BEARscc	BEARscc	NA	NA	NA	NA
BEELINE	NA	NA	NA	NA	murali-group/Beeline
BEENE	NA	NA	NA	NA	ashiq24/BEENE
BEER	beer	NA	NA	NA	jumphone/BEER
BENISSE	NA	NA	NA	NA	wooyongc/Benisse
BERMUDA	NA	NA	NA	NA	txWang/BERMUDA
BESCA	NA	NA	besca	NA	bedapub/besca
Beyondcell	NA	NA	NA	NA	NA
Bfimpute	NA	NA	NA	NA	maiziezhoulab/Bfimpute
BiGCN	NA	NA	NA	NA	inoue0426/scBiGCN
bigSCale	NA	NA	NA	NA	dfajar2/bigSCale
bigSCale2	NA	NA	NA	NA	iaconogi/bigSCale2
BigSur	NA	NA	NA	NA	landerlabcode/BigSur
bindSC	NA	NA	NA	NA	KChen-lab/bindSC
BingleSeq	NA	NA	NA	NA	dbdimitrov/BingleSeq
biolord	NA	NA	biolord	NA	nitzanlab/biolord
Biomodelling	NA	NA	NA	NA	ayoublasri/Biomodelling.jl
BioTIP	BioTIP	NA	NA	NA	xyang2uchicago/BioTIP
BIRD	NA	NA	NA	NA	WeiqiangZhou/BIRD
BISCUIT	NA	NA	NA	NA	sandhya212/BISCUIT_SingleCell_IMM_ICML_2016
Bisque	NA	BisqueRNA	NA	NA	cozygene/bisque
BITFAM	NA	NA	NA	NA	jaleesr/BITFAM
BLGGM	NA	NA	NA	NA	WgitU/BLGGM
bollito	NA	NA	NA	NA	NA
bonvoyage	NA	NA	bonvoyage	NA	yeolab/bonvoyage
BPSC	NA	NA	NA	NA	nghiavtr/BPSC
BraCeR	NA	NA	NA	NA	teichlab/bracer
BranchedGP	NA	NA	BranchedGP	NA	ManchesterBioinference/BranchedGP
BRAPeS	NA	NA	NA	NA	YosefLab/BRAPeS
BREM-SC	NA	NA	NA	NA	tarot0410/BREMSC
BRIE	NA	NA	brie	NA	huangyh09/brie
BSDE	NA	NA	NA	NA	mqzhanglab/BSDE
bseqsc	NA	NA	NA	NA	shenorrLab/bseqsc
BTR	NA	NA	NA	NA	cheeyeelim/btr
BUSseq	BUSseq	NA	NA	NA	songfd2018/BUSseq
bustools	NA	NA	NA	NA	BUStools/bustools
BZINB	NA	bzinb	NA	NA	Hunyong/BZINB
CAbiNet	NA	NA	NA	NA	VingronLab/CAbiNet
CACIMAR	NA	CACIMAR	NA	NA	jiang-junyao/CACIMAR
CACTUS	NA	NA	NA	NA	LUMC/CACTUS
CAISC	NA	NA	NA	NA	lizamathews/CAISC
CALISTA	NA	NA	NA	NA	CABSEL/CALISTA
callback	NA	NA	NA	NA	lcrawlab/callback
CAMLU	NA	NA	NA	NA	ziyili20/CAMLU
CancerInSilico	NA	NA	NA	NA	FertigLab/CancerInSilico
Canek	NA	Canek	NA	NA	MartinLoza/Canek
Canopy2	NA	NA	NA	NA	annweideman/canopy2
CanSig	NA	NA	cansig	NA	BoevaLab/CanSig-Supplementary-Information
CAPITAL	NA	NA	capital	NA	ykat0/capital
Capybara	NA	NA	NA	NA	morris-lab/Capybara
CARDAMOM	NA	NA	cardamom	NA	NA
CarDEC	NA	NA	cardec	NA	jlakkis/CarDEC
cardelino	cardelino	NA	NA	NA	single-cell-genetics/cardelino
CASCC	NA	NA	NA	NA	LingyiC/CASCC
CaSee	NA	NA	NA	NA	yuansh3354/CaSee
CASi	NA	NA	NA	NA	yizhuo-wang/CASi
CaSpER	NA	NA	NA	NA	akdess/CaSpER
CaSTLe	NA	NA	NA	NA	yuvallb/CaSTLe
CausalDAG	NA	NA	causaldag	NA	uhlerlab/causaldag
cb_sniffer	NA	NA	NA	NA	sridnona/cb_sniffer
ccAFv2	NA	NA	ccAFv2	NA	plaisier-lab/ccafv2
ccdf	NA	NA	NA	NA	Mgauth/ccdf
ccfindR	ccfindR	NA	NA	NA	hjunwoo/ccfindR
ccImpute	ccImpute	NA	NA	NA	khazum/ccImpute
CCLONE	NA	NA	NA	NA	ValerieMarot/clonal_tracing_package
ccNet	NA	NA	ccnet	NA	Just-Jia/ccNet
CCNMF	NA	NA	NA	NA	labxscut/CCNMF
CCPE	NA	NA	NA	NA	LiuJJ0327/CCPE
CCPlotR	CCPlotR	NA	NA	NA	Sarah145/CCPlotR
ccRemover	NA	ccRemover	NA	NA	cran/ccRemover
CCSF	NA	NA	ccsf	NA	xinglab-ai/ccsf
CCSN	NA	NA	NA	NA	NA
CDI	CDI	NA	NA	NA	jichunxie/CDI
CDR-g	NA	NA	cdr-py	NA	wlchin/pycdr
CDSKNN	NA	NA	NA	NA	renjun0324/CDSKNN
CEFCON	NA	NA	NA	NA	WPZgithub/CEFCON
celaref	celaref	NA	NA	NA	MonashBioinformaticsPlatform/celaref
celda	celda	NA	NA	NA	campbio/celda
CeLEry	NA	NA	CeLEryPy	NA	QihuangZhang/CeLEry
Cell-BLAST	NA	NA	Cell-BLAST	NA	gao-lab/Cell_BLAST
cell2cell	NA	NA	cell2cell	NA	earmingol/cell2cell
cell2fate	NA	NA	NA	NA	BayraktarLab/cell2fate
cell2location	NA	NA	cell2location	NA	BayraktarLab/cell2location
cell2sentence	NA	NA	cell2sentence	NA	rahuldhodapkar/cell2sentence
cell2sentence-ft	NA	NA	NA	NA	vandijklab/cell2sentence
CellAgentChat	NA	NA	NA	NA	mcgilldinglab/CellAgentChat
cellAlign	NA	NA	NA	NA	shenorrLab/cellAlign
CellANOVA	NA	NA	cellanova	NA	Janezjz/cellanova
Cellar	NA	NA	NA	NA	euxhenh/cellar
CellaRepertorium	NA	NA	NA	NA	amcdavid/CellaRepertorium
cellassign	NA	NA	NA	NA	irrationone/cellassign
cellatlas	NA	NA	cellatlas	NA	cellatlas/cellatlas
CellBench	CellBench	NA	NA	NA	shians/cellbench
CellBender	NA	NA	cellbender	NA	broadinstitute/CellBender
CellBIC	NA	NA	NA	NA	neocaleb/CellBIC
CellBridge	NA	NA	NA	NA	NA
cellBrowser	NA	NA	cellbrowser	NA	maximilianh/cellBrowser
CellCall	NA	NA	NA	NA	ShellyCoder/cellcall
CellCap	NA	NA	NA	NA	broadinstitute/CellCap
CellChat	NA	NA	NA	NA	jinworks/CellChat
CellContrast	NA	NA	NA	NA	HKU-BAL/CellContrast
cellDancer	NA	NA	celldancer	NA	GuangyuWangLab2021/cellDancer
CellDemux	NA	NA	NA	NA	CiiM-Bioinformatics-group/CellDemux
CellDrift	NA	NA	CellDrift	NA	KANG-BIOINFO/CellDrift
cellenium	NA	NA	NA	NA	Bayer-Group/cellenium
CellexalVR	NA	NA	NA	NA	sonejilab/cellexalvr
CellFishing	NA	NA	NA	NA	bicycle1885/CellFishing.jl
CellGEP	NA	NA	NA	NA	MaShisongLab/CellGEP
cellgrid	NA	NA	cellgrid	NA	Brodinlab/cellgrid
CellHint	NA	NA	cellhint	NA	Teichlab/cellhint
CellID	CelliD	NA	NA	NA	RausellLab/CelliD
Cellity	cellity	NA	NA	NA	teichlab/cellity
CellLayers	NA	NA	CellLayers	NA	apblair/CellLayers
CellMap	NA	NA	cellmap	NA	yusuke-imoto-lab/CellMap
cellmarkeraccordion	NA	NA	NA	NA	TebaldiLab/cellmarkeraccordion
CellMeSH	NA	NA	NA	NA	shunfumao/cellmesh
CellMixS	CellMixS	NA	NA	NA	almutlue/CellMixS
CellO	NA	NA	NA	NA	deweylab/CellO
cellograph	NA	NA	cellograph	NA	jashahir/cellograph
CellOracle	NA	NA	NA	NA	morris-lab/CellOracle
CellOT	NA	NA	NA	NA	bunnech/cellot
CellPath	NA	NA	cellpath	NA	PeterZZQ/CellPath
CellPhoneDB	NA	NA	cellphonedb	NA	Teichlab/cellphonedb
CellPLM	NA	NA	cellplm	NA	OmicsML/CellPLM
cellpypes	NA	cellpypes	NA	NA	FelixTheStudent/cellpypes
CellRanger	NA	NA	NA	NA	10XGenomics/cellranger
CellRank	NA	NA	cellrank	NA	theislab/cellrank
CellRegMap	NA	NA	cellregmap	NA	limix/CellRegMap
CellRouter	NA	NA	NA	NA	edroaldo/cellrouter
CellSIUS	NA	NA	NA	NA	Novartis/CellSIUS
cellsnake	NA	NA	cellsnake	NA	sinanugur/cellsnake
cellSNP	NA	NA	cellSNP	NA	single-cell-genetics/cellSNP
cellsnp-lite	NA	NA	NA	NA	single-cell-genetics/cellsnp-lite
CellST	NA	NA	NA	NA	zhanzmr/CellST
cellstates	NA	NA	NA	NA	nimwegenLab/cellstates
cellstruct	NA	NA	NA	NA	the-ouyang-lab/cellstruct
CellTagR	NA	NA	NA	NA	morris-lab/CellTagR
celltalker	NA	NA	NA	NA	arc85/celltalker
CellTICS	NA	NA	NA	NA	qyyin0516/CellTICS
CellTools	NA	NA	NA	NA	TrakhtenbergLab/CellTools
CellTrails	CellTrails	NA	NA	NA	dcellwanger/CellTrails
CellTree	NA	NA	NA	NA	NA
CellTrek	NA	NA	NA	NA	navinlabcode/CellTrek
CellTypist	NA	NA	celltypist	NA	Teichlab/celltypist
CELLULAR	NA	NA	CELLULAR-CL	NA	LeoAnd00/CELLULAR
CellView	NA	NA	NA	NA	mohanbolisetty/CellView
cellxgene	NA	NA	cellxgene	NA	chanzuckerberg/cellxgene
cellxgene_VIP	NA	NA	NA	NA	interactivereport/cellxgene_VIP
cellXY	NA	NA	NA	NA	phipsonlab/cellXY
Census	NA	NA	NA	NA	sjdlabgroup/Census
Cepo	Cepo	NA	NA	NA	PYangLab/Cepo
Cerebro	NA	NA	NA	NA	romanhaa/Cerebro
CeSpGRN	NA	NA	NA	NA	PeterZZQ/CeSpGRN
CeTF	CeTF	NA	NA	NA	cbiagii/CeTF
cFIT	NA	NA	NA	NA	pengminshi/cFIT
CHAI	NA	NA	NA	NA	lodimk2/chai
Change-O	NA	NA	changeo	NA	immcantation/changeo
CHETAH	CHETAH	NA	NA	NA	jdekanter/CHETAH
chevreulPlot	chevreulPlot	NA	NA	NA	cobriniklab/chevreulPlot
chevreulProcess	chevreulProcess	NA	NA	NA	whtns/chevreulProcess
chevreulShiny	chevreulShiny	NA	NA	NA	whtns/chevreulShiny
Chloris	NA	NA	NA	NA	pqiao29/Chloris
CHOIR	NA	NA	NA	NA	corceslab/CHOIR
chooseR	NA	NA	NA	NA	rbpatt2019/chooseR
Chord	NA	NA	NA	NA	13308204545/Chord
CIA	NA	NA	NA	NA	ingmbioinfo/cia
CIARA	NA	CIARA	NA	NA	ScialdoneLab/CIARA
CIDER	NA	CIDER	NA	NA	zhiyuan-hu-lab/CIDER
CIDR	NA	NA	NA	NA	VCCRI/CIDR
CIForm	NA	NA	NA	NA	zhanglab-wbgcas/CIForm
CIMLA	NA	NA	CIMLA	NA	PayamDiba/CIMLA
CINEMA-OT	NA	NA	cinemaot	NA	vandijklab/CINEMA-OT
CIPR	NA	NA	NA	NA	atakanekiz/CIPR-Package
Cirrocumulus	NA	NA	cirrocumulus	NA	klarman-cell-observatory/cirrocumulus
CiteFuse	CiteFuse	NA	NA	NA	SydneyBioX/CiteFuse
CITEseqCount	NA	NA	CITE-seq-Count	NA	Hoohm/CITE-seq-Count
CITEViz	NA	NA	NA	NA	maxsonBraunLab/CITEViz
Citrus	NA	NA	NA	NA	ChenMengjie/Citrus
CL-Impute	NA	NA	NA	NA	yuchen21-web/Imputation-for-scRNA-seq
CLEAR	NA	NA	NA	NA	ml4bio/CLEAR
clonealign	NA	NA	NA	NA	kieranrcampbell/clonealign
ClonoCluster	NA	NA	NA	NA	leeprichman/ClonoCluster
ClustAssess	NA	ClustAssess	NA	NA	Core-Bioinformatics/ClustAssess
cluster_diffex	NA	NA	NA	NA	simslab/cluster_diffex2018
ClusterDE	NA	NA	NA	NA	SONGDONGYUAN1994/ClusterDE
clusterExperiment	clusterExperiment	NA	NA	NA	epurdom/clusterExperiment
ClusterFoldSimilarity	ClusterFoldSimilarity	NA	NA	NA	OscarGVelasco/ClusterFoldSimilarity
Clustergrammer2	NA	NA	clustergrammer2	NA	ismms-himc/clustergrammer2
ClusterMap	NA	NA	NA	NA	xgaoo/ClusterMap
ClusterMine	NA	NA	NA	NA	NA
clustermole	NA	clustermole	NA	NA	igordot/clustermole
clusterpval	NA	NA	NA	NA	lucylgao/clusterpval
clustifyr	clustifyr	NA	NA	NA	rnabioco/clustifyr
CMFImpute	NA	NA	NA	NA	xujunlin123/CMFImpute
cna	NA	NA	cna	NA	yakirr/cna
cNMF	NA	NA	cnmf	NA	dylkot/cNMF
CNNC	NA	NA	NA	NA	xiaoyeye/CNNC
COAC	NA	NA	NA	NA	ChengF-Lab/COAC
Cobolt	NA	NA	NA	NA	epurdom/cobolt
cocoa	NA	NA	NA	NA	kharchenkolab/cacoa
CoGAPs	CoGAPS	NA	NA	NA	FertigLab/CoGAPS
cola	cola	NA	NA	NA	jokergoo/cola
CombiROC	NA	combiroc	NA	NA	ingmbioinfo/combiroc
COMET	NA	NA	COMETSC	NA	MSingerLab/COMETSC
CommPath	NA	NA	NA	NA	yingyonghui/CommPath
community	NA	NA	NA	NA	SoloveyMaria/community
Compartmap	NA	NA	NA	NA	biobenkj/compartmap
compass	NA	NA	NA	NA	nceglia/compass
Compound-SNE	NA	NA	NA	NA	HaghverdiLab/Compound-SNE
CONCLUS	NA	NA	NA	NA	lancrinlab/CONCLUS
condiments	condiments	NA	NA	NA	HectorRDB/condiments
CoNGA	NA	NA	NA	NA	phbradley/conga
CONGAS	NA	NA	congas-old	NA	caravagnalab/congas
CONGASp	NA	NA	congas	NA	caravagnalab/CONGASp
CONICS	NA	NA	NA	NA	diazlab/CONICS
Connectome	NA	NA	NA	NA	msraredon/Connectome
Conos	NA	conos	NA	NA	hms-dbmi/conos
constclust	NA	NA	constclust	NA	ivirshup/constclust
contrastiveVI	NA	NA	contrastive-vi	NA	suinleelab/contrastiveVI
COPILOT	NA	NA	NA	NA	ohlerlab/COPILOT
CopulaGCN	NA	NA	NA	NA	Snehalikalall/CopulaGCN
CopyKAT	NA	NA	NA	NA	navinlabcode/copykat
copyVAE	NA	NA	NA	NA	kurtsemih/copyVAE
corral	corral	NA	NA	NA	laurenhsu1/corral
Corvo	NA	NA	NA	NA	scenerygraphics/corvo-core
COSG	NA	NA	cosg	NA	genecell/COSG
COSGR	NA	NA	NA	NA	genecell/COSGR
cosin	NA	NA	NA	NA	giovannitoto/cosin
COSLIR	NA	NA	NA	NA	Ge-lab-pku/COSLIR
CoSpar	NA	NA	cospar	NA	AllonKleinLab/cospar
CosTaL	NA	NA	CosTaL	NA	li000678/CosTaL
COT	NA	NA	NA	NA	MintaYLu/COT
COTAN	COTAN	NA	NA	NA	seriph78/COTAN
countClust	NA	NA	NA	NA	kkdey/CountClust
countland	NA	countland	countland	NA	shchurch/countland
countsplit	NA	countsplit	NA	NA	anna-neufeld/countsplit
coupleCoC	NA	NA	NA	NA	cuhklinlab/coupleCoC
coupleCoC_plus	NA	NA	NA	NA	cuhklinlab/coupleCoC_plus
coupledAE-patchseq	NA	NA	NA	NA	alleninstitute/coupledAE-patchseq
CoupleVAE	NA	NA	NA	NA	LiminLi-xjtu/CoupleVAE
CPA	NA	NA	NA	NA	facebookresearch/CPA
CPLVM	NA	NA	cplvm	NA	andrewcharlesjones/cplvm
CRMetrics	NA	NA	NA	NA	khodosevichlab/CRMetrics
CrossTalkeR	NA	NA	NA	NA	CostaLab/CrossTalkeR
CS-CORE	NA	NA	NA	NA	ChangSuBiostats/CS-CORE
CSHMM	NA	NA	NA	NA	jessica1338/CSHMM-for-time-series-scRNA-Seq
CSHMM-TF	NA	NA	NA	NA	jessica1338/CSHMM-TF-for-time-series-scRNA-Seq
CSMF	NA	NA	NA	NA	NA
CSN	NA	NA	NA	NA	wys8c764/CSN
CSOmap	NA	NA	NA	NA	NA
CStreet	NA	NA	cstreet	NA	TongjiZhanglab/CStreet
CTAT-LR-fusion	NA	NA	NA	NA	TrinityCTAT/CTAT-LR-fusion
ctgGEM	NA	NA	NA	NA	bicbioeng/ctgGEM
CTMM	NA	NA	NA	NA	Minhui-Chen/CTMM
CTpathway	NA	NA	NA	NA	Bioccjw/CTpathway
cTPnet	NA	NA	cTPnet	NA	zhouzilu/cTPnet
cvCovEst	NA	cvCovEst	NA	NA	PhilBoileau/cvCovEst
Cyclum	NA	NA	NA	NA	KChen-lab/cyclum
cypress	cypress	NA	NA	NA	renlyly/cypress
cytocipher	NA	NA	cytocipher	NA	BradBalderson/Cytocipher
Cytopath	NA	NA	cytopath	NA	aron0093/cytopath
CytoSPACE	NA	NA	NA	NA	digitalcytometry/cytospace
CytoTalk	NA	NA	NA	NA	tanlabcode/CytoTalk
CytoTRACE2	NA	NA	cytotrace2-py	NA	digitalcytometry/cytotrace2
D-EE	NA	NA	NA	NA	ShaokunAn/D-EE
D-SPIN	NA	NA	NA	NA	JialongJiang/DSPIN
D3E	NA	NA	NA	NA	hemberg-lab/D3E
DAARIO	NA	NA	NA	NA	sottorivalab/daario
DALI	NA	NA	NA	NA	vibscc/DALI
DANCE	NA	NA	pydance	NA	OmicsML/dance
dandelion	NA	NA	sc-dandelion	NA	zktuong/dandelion
DAPCA	NA	NA	NA	NA	mirkes/DAPCA
DAZZLE	NA	NA	grn-dazzle	NA	TuftsBCB/dazzle
dbcti	NA	NA	NA	NA	tianlt/dbcti
DC3	NA	NA	NA	NA	SUwonglab/DC3
DCA	NA	NA	DCA	NA	theislab/dca
DCA_R	NA	NA	NA	NA	cran/DCA
DCATS	DCATS	NA	NA	NA	holab-hku/DCATS
DCLEAR	NA	DCLEAR	NA	NA	ikwak2/DCLEAR
DCP	NA	NA	dcpredictor	NA	02infi/DCP
ddqc	NA	NA	NA	NA	ayshwaryas/ddqc
ddSeeker	NA	NA	NA	NA	cgplab/ddSeeker
de-goulash	NA	NA	NA	NA	genid/de-goulash
DECENT	NA	NA	NA	NA	cz-ye/DECENT
DECODE	NA	NA	NA	NA	shmohammadi86/DECODE
decontX	decontX	NA	NA	NA	campbio/decontX
decoupler	NA	NA	decoupler	NA	saezlab/decoupler-py
deCS	NA	NA	NA	NA	GuangshengPei/deCS
DEEF	NA	NA	NA	NA	DaigoOkada/deef
DeepCCI	NA	NA	NA	NA	JiangBioLab/DeepCCI
DeepCycle	NA	NA	NA	NA	andreariba/DeepCycle
DeepDRIM	NA	NA	NA	NA	jiaxchen2-c/DeepDRIM
DeepGAMI	NA	NA	NA	NA	daifengwanglab/DeepGAMI
DeepImpute	NA	NA	NA	NA	lanagarmire/DeepImpute
DeepKINET	NA	NA	NA	NA	3254c/DeepKINET
DeepRIG	NA	NA	NA	NA	JChander/DeepRIG
DeepSEM	NA	NA	NA	NA	HantaoShu/DeepSEM
DeepSort	NA	NA	NA	NA	ZJUFanLab/DeepSort
DeepVelo	NA	NA	deepvelo	NA	bowang-lab/DeepVelo
DEGAS	NA	NA	NA	NA	tsteelejohnson91/DEGAS
DElegate	NA	NA	NA	NA	cancerbits/DElegate
DeLorean	NA	NA	NA	NA	JohnReid/DeLorean
DELVE	NA	NA	delve-fs	NA	jranek/delve
deMULTIplex2	NA	NA	NA	NA	Gartner-Lab/deMULTIplex2
Demuxafy	NA	NA	NA	NA	drneavin/Demultiplexing_Doublet_Detecting_Docs
Demuxalot	NA	NA	demuxalot	NA	herophilus/demuxalot
demuxlet	NA	NA	NA	NA	statgen/demuxlet
demuxmix	demuxmix	NA	NA	NA	huklein/demuxmix
DEN	NA	NA	NA	NA	isaacrob/DEN
DENDRO	NA	NA	NA	NA	zhouzilu/DENDRO
DendroSplit	NA	NA	dendrosplit	NA	jessemzhang/dendrosplit
densityCut	NA	NA	NA	NA	NA
DensityPath	NA	NA	NA	NA	ucasdp/DensityPath
densvis	densvis	NA	NA	NA	Alanocallaghan/densvis
densVis	NA	NA	NA	NA	hhcho/densvis
DepecheR	DepecheR	NA	NA	NA	Theorell/DepecheR
DESC	NA	NA	desc	NA	eleozzr/desc
DESCEND	NA	NA	NA	NA	jingshuw/descend
DEsingle	DEsingle	NA	NA	NA	miaozhun/DEsingle
destiny	destiny	NA	NA	NA	NA
DevKidCC	NA	NA	NA	NA	KidneyRegeneration/DevKidCC
DEWAKSS	NA	NA	DEWAKSS	NA	NA
Dhaka	NA	NA	NA	NA	sabrinar/Dhaka
DIALOGUE	NA	NA	NA	NA	livnatje/DIALOGUE
DICE	NA	NA	NA	NA	aet21/DICE
Dictys	NA	NA	dictys	NA	pinellolab/dictys
DIEM	NA	NA	NA	NA	marcalva/diem
DifferentialRegulation	DifferentialRegulation	NA	NA	NA	SimoneTiberi/DifferentialRegulation
DigitalCellSorter	NA	NA	DigitalCellSorter	NA	sdomanskyi/DigitalCellSorter
DIISCO	NA	NA	diisco	NA	azizilab/DIISCO_public
DIMMSC	NA	NA	NA	NA	NA
dincta	NA	NA	NA	NA	songtingstone/dincta
Dino	Dino	NA	NA	NA	JBrownBiostat/Dino
DIRECT-NET	NA	NA	NA	NA	zhanglhbioinfor/DIRECT-NET
DISC	NA	NA	disc	NA	xie-lab/DISC
DIscBIO	NA	DIscBIO	NA	NA	ocbe-uio/DIscBIO
DISCERN	NA	NA	NA	NA	imsb-uke/discern
DISCO	NA	NA	NA	NA	NA
DiSiR	NA	NA	NA	NA	miladrafiee/disir_package
distinct	distinct	NA	NA	NA	SimoneTiberi/distinct
DistMap	NA	NA	NA	NA	rajewsky-lab/distmap
dittoSeq	dittoSeq	NA	NA	NA	dtm2451/DittoSeq
dmatch	NA	NA	NA	NA	qzhan321/Dmatch
Domino	NA	NA	NA	NA	chris-cherry/domino
dominoSignal	dominoSignal	NA	NA	NA	FertigLab/dominoSignal
DoubletCollection	NA	NA	NA	NA	xnnba1984/DoubletCollection
DoubletDecon	NA	NA	NA	NA	EDePasquale/DoubletDecon
DoubletDetection	NA	NA	doubletdetection	NA	JonathanShor/DoubletDetection
DoubletFinder	NA	NA	NA	NA	chris-mcginnis-ucsf/DoubletFinder
Dowser	NA	dowser	NA	NA	immcantation/dowser
Dozer	NA	NA	NA	NA	keleslab/Dozer
dpi	NA	NA	dpi-sc	NA	studentiz/dpi
DPre	NA	NA	NA	NA	LoaloaF/DPre
DPT	NA	NA	NA	NA	NA
DRA	NA	NA	NA	NA	eugenelin1/DRA
dragonsc	NA	NA	NA	NA	arc85/dragonsc
DREAM	NA	NA	NA	NA	Crystal-JJ/DREAM
dreamlet	dreamlet	NA	NA	NA	DiseaseNeurogenomics/dreamlet
DREEP	NA	NA	NA	NA	gambalab/DREEP
DrImpute	NA	DrImpute	NA	NA	ikwak2/DrImpute
DrivAER	NA	NA	NA	NA	lkmklsmn/DrivAER
dropbead	NA	NA	NA	NA	rajewsky-lab/dropbead
dropClust	NA	NA	NA	NA	debsin/dropClust
dropEst	NA	NA	NA	NA	hms-dbmi/dropEst
dropkick	NA	NA	dropkick	NA	KenLauLab/dropkick
DropLasso	NA	NA	NA	NA	jpvert/droplasso
DropletQC	NA	NA	NA	NA	powellgenomicslab/DropletQC
DropletUtils	DropletUtils	NA	NA	NA	MarioniLab/DropletUtils
dropSeqPipe	NA	NA	dropSeqPipe	NA	Hoohm/dropSeqPipe
dropsim	NA	NA	NA	NA	marchinilab/dropsim
DrSeq2	NA	NA	NA	NA	ChengchenZhao/DrSeq2
DSAVE-M	NA	NA	NA	NA	SysBioChalmers/DSAVE-M
DSAVE-R	NA	NA	NA	NA	SysBioChalmers/DSAVE-R
dsb	NA	dsb	NA	NA	niaid/dsb
dsCellNet	NA	NA	NA	NA	songzh523/dsCellNet
DSINMF	NA	NA	NA	NA	lanbiolab/DSINMF
DTAE	NA	NA	NA	NA	hci-unihd/DTAE
DTFLOW	NA	NA	NA	NA	statway/DTFLOW
DTUrtle	NA	NA	NA	NA	TobiTekath/DTUrtle
DTWScore	NA	NA	NA	NA	xiaoxiaoxier/DTWscore
DUBStepR	NA	NA	NA	NA	prabhakarlab/DUBStepR
Dune	Dune	NA	NA	NA	HectorRDB/Dune
DURIAN	NA	NA	NA	NA	mkarikom/DURIAN
DUSC	NA	NA	NA	NA	KorkinLab/DUSC
Dynamo	NA	NA	NA	NA	aristoteleo/dynamo-release
dynDeepDRIM	NA	NA	NA	NA	ericcombiolab/dynDeepDRIM
dyngen	NA	dyngen	NA	NA	dynverse/dyngen
DynGFN	NA	NA	NA	NA	lazaratan/dyn-gfn
dynverse	NA	NA	NA	NA	dynverse/dynverse
EasyCellType	EasyCellType	NA	NA	NA	rx-li/EasyCellType
ECLAIR	NA	NA	ECLAIR	NA	GGiecold/ECLAIR
EDClust	NA	NA	NA	NA	weix21/EDClust
EDGE	NA	NA	NA	NA	shawnstat/EDGE
EEISP	NA	NA	eeisp	NA	Natsu01/EEISP
elasticC3	NA	NA	NA	NA	cuhklinlab/elasticC3
ELATUS	NA	NA	NA	NA	kikegoni/ELATUS
ELeFHAnt	NA	NA	NA	NA	praneet1988/ELeFHAnt
ELSA	NA	NA	NA	NA	diazlab/ELSA
ELVAR	NA	NA	NA	NA	aet21/ELVAR
embeddr	NA	NA	NA	NA	kieranrcampbell/embeddr
EMBEDR	NA	NA	NA	NA	ejohnson643/EMBEDR
EMEP	NA	NA	NA	NA	lixt314/EMEP
EmptyNN	NA	NA	NA	NA	lkmklsmn/empty_nn
enclone	NA	NA	NA	NA	10XGenomics/enclone
ENCORE	NA	NA	NA	NA	SONG0417/ENCORE_V1.0
ENHANCE	NA	NA	NA	NA	yanailab/enhance
EnImpute	NA	NA	NA	NA	Zhangxf-ccnu/EnImpute
EnsembleKQC	NA	NA	NA	NA	mzhq/EnsembleKQC
EnTSSR	NA	NA	NA	NA	Oyl-CityU/EnTSSR
Eoulsan	NA	NA	NA	NA	GenomicParisCentre/eoulsan
Epi-Impute	NA	NA	NA	NA	raevskymichail/epi-impute
EPIC	NA	NA	NA	NA	rujinwang/EPIC
eQTLsingle	NA	NA	NA	NA	horsedayday/eQTLsingle
ESAT	NA	NA	NA	NA	garber-lab/ESAT
escape	escape	NA	NA	NA	ncborcherding/escape
ESCHR	NA	NA	eschr	NA	zunderlab/eschr
ESCO	NA	NA	NA	NA	JINJINT/ESCO
ESCORT	NA	NA	NA	NA	xiaorudong/Escort
eSPRESSO	NA	NA	NA	NA	tmorikuicr/espresso
eSVD	NA	NA	NA	NA	linnykos/esvd
eSVD2	NA	NA	NA	NA	linnykos/eSVD2
EVI	NA	NA	NA	NA	jranek/EVI
exceiver	NA	NA	NA	NA	keiserlab/exceiver
exdyn	NA	NA	exdyn	NA	kojikoji/exdyn
exFINDER	NA	NA	NA	NA	ChanghanGitHub/exFINDER
expressyouRcell	NA	NA	NA	NA	LabTranslationalArchitectomics/expressyouRcell
Falco	NA	NA	NA	NA	VCCRI/Falco
FastCount	NA	NA	NA	NA	NA
fastglmpca	NA	fastglmpca	NA	NA	stephenslab/fastglmpca
fasthplus	NA	NA	NA	NA	ntdyjack/fasthplus
FastIntegration	NA	NA	NA	NA	JinmiaoChenLab/FastIntegration
FastProject	NA	NA	FastProject	NA	YosefLab/FastProject
FastRNA	NA	NA	NA	NA	hanbin973/FastRNA
fastTopics	NA	fastTopics	NA	NA	stephenslab/fastTopics
FateCompass	NA	NA	NA	NA	sarajimenez/fatecompass
FateID	NA	FateID	NA	NA	dgrun/FateID
FAVA	NA	NA	favapy	NA	mikelkou/fava
fba	NA	NA	fba	NA	jlduan/fba
fcoex	NA	NA	NA	NA	csbl-usp/fcoex
FEAST	FEAST	NA	NA	NA	suke18/FEAST
FEATS	NA	NA	feats	NA	edwinv87/feats
FeatureCorr	NA	NA	NA	NA	DKundnani/FeatureCorr
FEM	NA	NA	NA	NA	qingyunpkdd/single_cell_fem
FIESTA	NA	NA	NA	NA	elnazmirzaei/FIESTA
FiRE	NA	FiRE	NA	NA	princethewinner/FiRE
FIRM	NA	NA	NA	NA	mingjingsi/FIRM
fishpond	fishpond	NA	NA	NA	mikelove/fishpond
FitDevo	NA	NA	NA	NA	jumphone/fitdevo
FLAMES	FLAMES	NA	NA	NA	LuyiTian/FLAMES
Flexiplex	NA	NA	NA	NA	DavidsonGroup/flexiplex
flotilla	NA	NA	flotilla	NA	yeolab/flotilla
FlowGrid	NA	NA	FlowGrid	NA	holab-hku/FlowGrid
FLOWMAPR	NA	NA	NA	NA	zunderlab/FLOWMAP
forest-fire-clustering	NA	NA	forest-fire-clustering	NA	gersteinlab/forest-fire-clustering
FORKS	NA	NA	NA	NA	macsharma/FORKS
forseti	NA	NA	NA	NA	COMBINE-lab/forseti
Fotomics	NA	NA	NA	NA	VafaeeLab/Fotomics-Imagification
FRmatch	NA	NA	NA	NA	JCVenterInstitute/FRmatch
FSCAM	NA	NA	NA	NA	YanWang-jn/FSCAM
Fugue	NA	NA	NA	NA	xilinshen/Fugue
FUNKI	NA	NA	NA	NA	saezlab/ShinyFUNKI
fusca	NA	NA	NA	NA	edroaldo/fusca
G2S3	NA	NA	NA	NA	ZWang-Lab/G2S3
GapClust	NA	NA	NA	NA	fabotao/GapClust
Garnett	NA	NA	NA	NA	cole-trapnell-lab/garnett
gCAnno	NA	NA	NA	NA	xjtu-omics/gCAnno
GEARS	NA	NA	cell-gears	NA	snap-stanford/GEARS
GEDI	NA	NA	NA	NA	csglab/GEDI
GEMLI	NA	NA	NA	NA	UPSUTER/GEMLI
geneBasisR	NA	NA	NA	NA	MarioniLab/geneBasisR
GeneClust	NA	NA	GeneClust	NA	ToryDeng/scGeneClust
GeneExt	NA	NA	NA	NA	sebepedroslab/GeneExt
GeneNMF	NA	GeneNMF	NA	NA	carmonalab/GeneNMF
GenePattern	NA	NA	genepattern-python	NA	genepattern/single_cell_clustering_notebook
Genes2Genes	NA	NA	genes2genes	NA	Teichlab/Genes2Genes
genesorteR	NA	NA	NA	NA	mahmoudibrahim/genesorteR
GeneSwitches	NA	NA	NA	NA	SGDDNB/GeneSwitches
genet	NA	NA	NA	NA	zhengp0/genet
GeneVector	NA	NA	genevector	NA	nceglia/genevector
GenKI	NA	NA	NA	NA	yjgeno/GenKI
genomicInstability	genomicInstability	NA	NA	NA	reef103/genomicInstability
geosketch	NA	NA	geosketch	NA	brianhie/geosketch
gExcite	NA	NA	NA	NA	ETH-NEXUS/gExcite_pipeline
gficf	NA	NA	NA	NA	gambalab/gficf
GFPA	NA	NA	gfpa	NA	studentiz/gfpa
gget	NA	NA	gget	NA	pachterlab/gget
ggsc	ggsc	NA	NA	NA	YuLab-SMU/ggsc
GIANT	NA	NA	NA	NA	chenhcs/GIANT
GiniClust	NA	NA	NA	NA	lanjiangboston/GiniClust
GiniClust2	NA	NA	NA	NA	dtsoucas/GiniClust2
GiniClust3	NA	NA	giniclust3	NA	rdong08/GiniClust3
GiRAFR	NA	NA	girafr	NA	FunctionalEpigeneticsLab/GiRAFR
GLM-PCA	NA	glmpca	NA	NA	willtownes/glmpca
glmGamPoi	glmGamPoi	NA	NA	NA	const-ae/glmGamPoi
GLMsim	NA	NA	NA	NA	jiananwehi/GLMsim
GloScope	GloScope	NA	NA	NA	epurdom/GloScope
GLUE	NA	NA	scglue	NA	gao-lab/GLUE
GLUER	NA	NA	NA	NA	tanlabcode/GLUER
GMM-Demux	NA	NA	GMM-Demux	NA	CHPGenetics/GMM-demux
GNNImpute	NA	NA	NA	NA	Lav-i/GNNImpute
GPcounts	NA	NA	NA	NA	ManchesterBioinference/GPcounts
GPfates	NA	NA	NA	NA	Teichlab/GPfates
GPseudoClust	NA	NA	NA	NA	magStra/GPseudoClust
GPseudoRank	NA	NA	NA	NA	magStra/GPseudoRank
Granatum	NA	NA	NA	NA	NA
GrandPrix	NA	NA	NA	NA	ManchesterBioinference/GrandPrix
Graph-Dynamo	NA	NA	graph-dynamo	NA	xing-lab-pitt/graph-dynamo
graph-sc	NA	NA	graph-sc	NA	ciortanmadalina/graph-sc-package
GraphCS	NA	NA	NA	NA	biomed-AI/GraphCS
GraphEmbed	NA	NA	graphembed	NA	fabriziocosta/GraphEmbed
GraphSCC	NA	NA	NA	NA	biomed-AI/GraphSCC
GraphSCI	NA	NA	NA	NA	NA
GrID-Net	NA	NA	gridnet-learn	NA	alexw16/gridnet
GRISLI	NA	NA	NA	NA	PCAubin/GRISLI
GRM	NA	NA	NA	NA	NA
GRN-VAE	NA	NA	NA	NA	TuftsBCB/grnvae
GRNUlar	NA	NA	NA	NA	Harshs27/GRNUlar
GRNVBEM	NA	NA	NA	NA	mscastillo/GRNVBEM
GRouNdGAN	NA	NA	NA	NA	Emad-COMBINE-lab/GRouNdGAN
GRUFFI	NA	NA	NA	NA	jn-goe/gruffi
gsdensity	NA	NA	NA	NA	qingnanl/gsdensity
GSEApy	NA	NA	gseapy	NA	zqfang/GSEApy
GSFA	NA	NA	NA	NA	xinhe-lab/GSFA
gssnng	NA	NA	gssnng	NA	IlyaLab/gssnng
GTestimate	NA	NA	NA	NA	Martin-Fahrenberger/GTestimate
h-tSNE	NA	NA	NA	NA	Cobanoglu-Lab/h-tSNE
hadge	NA	NA	NA	NA	theislab/hadge
Haisu	NA	NA	NA	NA	Cobanoglu-Lab/Haisu
HAL	NA	NA	hal-x	NA	alexandreday/HAL
HARISSA	NA	NA	harissa	NA	ulysseherbach/harissa
Harmony	NA	harmony	NA	NA	immunogenomics/harmony
hbfm	NA	NA	NA	NA	mnsekula/hbfm
HD-AE	NA	NA	NA	NA	suinleelab/HD-AE
HDMC	NA	NA	NA	NA	zhanglabNKU/HDMC
HGC	HGC	NA	NA	NA	stevenhuakui/HGC
HiDeF	NA	NA	hidef	NA	fanzheng10/HiDeF
hierarchicell	NA	NA	NA	NA	kdzimm/hierarchicell
HieRFIT	NA	NA	NA	NA	yasinkaymaz/HieRFIT
HIPPO	HIPPO	NA	NA	NA	tk382/HIPPO
HiScanner	NA	NA	hiscanner	NA	parklab/HiScanner
HocusPocus	NA	NA	NA	NA	joeburns06/hocuspocus
HoneyBADGER	NA	NA	NA	NA	JEFworks/HoneyBADGER
HopLand	NA	NA	NA	NA	NetLand-NTU/HopLand
Hopper	NA	NA	NA	NA	bendemeo/hopper
Hotspot	NA	NA	hotspotsc	NA	Yoseflab/Hotspot
HPL	NA	NA	NA	NA	lcmmichielsen/hierarchicalprogressivelearning
hscScore	NA	NA	NA	NA	fionahamey/hscScore
hsslda	NA	NA	NA	NA	mamouzgar/hsslda
HTOreader	NA	NA	NA	NA	WilsonImmunologyLab/HTOreader
HurdleNormal	NA	NA	NA	NA	amcdavid/HurdleNormal
hypercluster	NA	NA	hypercluster	NA	liliblu/hypercluster
I-Impute	NA	NA	i-impute	NA	xikanfeng2/I-Impute
i2dash	NA	NA	NA	NA	NA
iasva	iasva	NA	NA	NA	UcarLab/iasva
Ibex	NA	NA	NA	NA	ncborcherding/Ibex
IBMR	NA	NA	NA	NA	keshav-motwani/IBMR
IBRAP	NA	NA	NA	NA	connorhknight/IBRAP
iBRIDGE	NA	NA	NA	NA	tolgaturan-github/IBRIDGE
ICAnet	NA	NA	NA	NA	WWXkenmo/ICAnet
ICARUS	NA	NA	NA	NA	Enjewl/ICARUS
ICAT	NA	NA	icat-sc	NA	BradhamLab/icat
ICELLNET	NA	NA	NA	NA	soumelis-lab/ICELLNET
iCellR	NA	iCellR	NA	NA	rezakj/iCellR
iDEA	NA	NA	NA	NA	xzhoulab/iDEA
IDEAS	NA	NA	NA	NA	Sun-lab/ideas
IEntropy	NA	NA	NA	NA	LinLi-0909/IEntropy
IgPhyML	NA	NA	NA	NA	immcantation/igphyml
IKAP	NA	NA	NA	NA	NHLBI-BCB/IKAP
ikarus	NA	NA	ikarus	NA	BIMSBbioinfo/ikarus
Ikura	NA	NA	NA	NA	juugii/ikura
ILoReg	ILoReg	NA	NA	NA	elolab/iloreg
iMAP	NA	NA	imap	NA	Svvord/iMAP
ImmClassifier	NA	NA	NA	NA	xliu-uth/ImmClassifier
immunarch	NA	immunarch	NA	NA	immunomind/immunarch
immunopipe	NA	NA	immunopipe	NA	pwwang/immunopipe
ImSpectR	NA	NA	NA	NA	martijn-cordes/ImSpectR
IndepthPathway	NA	NA	NA	NA	wangxlab/IndepthPathway
indeXplorer	NA	NA	NA	NA	NA
inferCNV	infercnv	NA	NA	NA	broadinstitute/inferCNV
inferCNVpy	NA	NA	infercnvpy	NA	icbi-lab/infercnvpy
inferCSN	NA	inferCSN	NA	NA	mengxu98/inferCSN
Inferelator	NA	NA	inferelator	NA	flatironinstitute/inferelator
infohet	NA	NA	NA	NA	mjcasy/infohet
InGene	NA	NA	NA	NA	cgiiitd/InGene
INSCT	NA	NA	NA	NA	lkmklsmn/insct
INSISTC	NA	NA	NA	NA	NA
IntegrAO	NA	NA	integrao	NA	bowang-lab/IntegrAO
IntegratedLearner	NA	NA	NA	NA	himelmallick/IntegratedLearner
InterCellar	InterCellar	NA	NA	NA	martaint/InterCellar
InterCellDB	NA	NA	NA	NA	ZJUDBlab/InterCellDB
iQcell	NA	NA	NA	NA	NA
IReNA	NA	NA	NA	NA	jiang-junyao/IReNA
IRIS-FGM	NA	NA	NA	NA	BMEngineeR/IRISFGM
IronThrone-GoT	NA	NA	NA	NA	landau-lab/IronThrone-GoT
iS-CellR	NA	NA	NA	NA	immcore/iS-CellR
iscandar	NA	NA	NA	NA	jarny/iscandar
iSEE	iSEE	NA	NA	NA	csoneson/iSEE
iSMNN	NA	NA	NA	NA	yycunc/iSMNN
ISnorm	NA	NA	NA	NA	bioliyezhang/ISnorm
IsoCell	NA	NA	NA	NA	genemine/IsoCell
ISOP	NA	NA	NA	NA	nghiavtr/ISOP
iSORT	NA	NA	isortpy	NA	xiaojierzi/iSORT
iTALK	NA	NA	NA	NA	Coolgenome/iTALK
ItClust	NA	NA	ItClust	NA	jianhuupenn/ItClust
iterClust	NA	NA	NA	NA	hd2326/iterClust
ivis	NA	NA	ivis	NA	beringresearch/ivis
jackstraw	NA	jackstraw	NA	NA	ncchung/jackstraw
JAMIE	NA	NA	NA	NA	daifengwanglab/JAMIE
JGNsc	NA	NA	NA	NA	meichendong/JGNsc
JIND	NA	NA	NA	NA	mohit1997/JIND
JOINT	NA	NA	NA	NA	wanglab-georgetown/JOINT
JOINTLY	NA	NA	NA	NA	madsen-lab/rJOINTLY
JSNMF_py	NA	NA	JSNMF-py	NA	cuhklinlab/JSNMF_py
JSOM	NA	NA	NA	NA	hlim95/JSOM
jSRC	NA	NA	NA	NA	xkmaxidian/jSRC
Jvis	NA	NA	Jvis-learn	NA	canzarlab/JVis-learn
k-branches	NA	NA	NA	NA	theislab/kbranches
K2Taxonomer	NA	NA	NA	NA	montilab/K2Taxonomer
kallisto	NA	NA	NA	NA	pachterlab/kallisto
kana	NA	NA	NA	NA	jkanche/kana
kBET	NA	NA	NA	NA	theislab/kBET
KMD	NA	NA	NA	NA	KaplanLab/KMDHierarchicalClustering
kmermaid	NA	NA	NA	NA	nf-core/kmermaid
knn_smooth	NA	NA	NA	NA	yanailab/knn-smoothing
KPNN	NA	NA	NA	NA	epigen/KPNN
ktest	NA	NA	NA	NA	AnthoOzier/ktest
LAK	NA	NA	NA	NA	HIT-biostatistical/LAK
LAmbDA	NA	NA	NA	NA	tsteelejohnson91/LAmbDA
Lamian	NA	NA	NA	NA	Winnie09/Lamian
LandSCENT	NA	NA	NA	NA	ChenWeiyan/LandSCENT
langevitour	NA	langevitour	langevitour	NA	pfh/langevitour
LANTSA	NA	NA	lantsa	NA	NA
LATE	NA	NA	NA	NA	audreyqyfu/LATE
LatentVelo	NA	NA	NA	NA	Spencerfar/LatentVelo
LDA_scRNAseq	NA	NA	NA	NA	lrjuan/LDA_scRNAseq
leader	NA	NA	NA	NA	camlab-bioml/leader
LEAP	NA	NA	NA	NA	NA
learn2count	NA	NA	NA	NA	drisso/learn2count
lemur	lemur	NA	NA	NA	const-ae/lemur
LIANA	NA	NA	liana	NA	saezlab/liana
Libra	NA	NA	NA	NA	neurorestore/Libra
LIGER	NA	NA	NA	NA	welch-lab/liger
LINEAGE	NA	NA	NA	NA	songjiajia2018/LINEAGE
LineagePulse	NA	NA	NA	NA	YosefLab/LineagePulse
Linnorm	Linnorm	NA	NA	NA	kenshunyip/Linnorm
LinQView	NA	NA	NA	NA	WilsonImmunologyLab/LinQView
LinRace	NA	NA	NA	NA	ZhangLabGT/LinRace
locaTE	NA	NA	NA	NA	zsteve/locaTE.jl
locCSN	NA	NA	locCSN	NA	xuranw/locCSN
Longcell	NA	NA	NA	NA	yuntianf/Longcell
LRLoop	NA	NA	NA	NA	Pinlyu3/LRLoop
LRT	NA	NA	NA	NA	JuanXie19/LRT
LTMGSCA	NA	NA	NA	NA	clwan/LTMGSCA
M3Drop	M3Drop	NA	NA	NA	tallulandrews/M3Drop
M3S	NA	NA	NA	NA	zy26/M3S
MAAPER	NA	MAAPER	NA	NA	Vivianstats/MAAPER
MACA	NA	NA	MACA-Python	NA	ImXman/MACA
MaCroDNA	NA	NA	MaCroDNA	NA	NakhlehLab/MaCroDNA
MacroPolo	NA	NA	NA	NA	chanwkimlab/MarcoPolo
MAESTRO	NA	NA	NA	NA	liulab-dfci/MAESTRO
MAGAN	NA	NA	NA	NA	KrishnaswamyLab/MAGAN
MAGIC	NA	NA	magic-impute	NA	KrishnaswamyLab/MAGIC
MAPiT	NA	NA	NA	NA	karstenkuritz/MAPiT
MARGARET	NA	NA	NA	NA	Zafar-Lab/Margaret
MarkerCount	NA	NA	MarkerCount	NA	combio-dku/MarkerCount
MarkerMap	NA	NA	markermap	NA	Computational-Morphogenomics-Group/MarkerMap
MarkovHC	NA	NA	NA	NA	ZhenyiWangTHU/MarkovHC
MARS	NA	NA	NA	NA	snap-stanford/mars
Marsilea	NA	NA	marsilea	NA	Marsilea-viz/marsilea
MASI	NA	NA	NA	NA	hayatlab/MASI
MAST	MAST	NA	NA	NA	RGLab/MAST
mastR	mastR	NA	NA	NA	DavisLaboratory/mastR
MAT2	NA	NA	NA	NA	Zhang-Jinglong/MAT2
MatchCLOT	NA	NA	matchclot	NA	AI4SCR/MatchCLOT
MATCHER	NA	NA	pymatcher	NA	jw156605/MATCHER
matchSCore	NA	NA	NA	NA	NA
matchSCore2	NA	NA	NA	NA	elimereu/matchSCore2
MATES	NA	NA	NA	NA	mcgilldinglab/MATES
Matilda	NA	NA	Matilda-sc	NA	liuchunlei0430/Matilda
MATTE	NA	NA	MATTE	NA	zjupgx/MATTE
MaxFuse	NA	NA	maxfuse	NA	shuxiaoc/maxfuse
mbkmeans	mbkmeans	NA	NA	NA	drisso/mbkmeans
mcap	NA	NA	NA	NA	btaschler/mcap
McImpute	NA	NA	NA	NA	aanchalMongia/McImpute_scRNAseq
MCXpress	NA	NA	NA	NA	ARTbio/MCXpress
MDIC3	NA	NA	MDIC3	NA	LYxiaotai/MDIC3
MEBOCOST	NA	NA	NA	NA	zhengrongbin/MEBOCOST
MEDALT	NA	NA	NA	NA	KChen-lab/MEDALT
MELD	NA	NA	meld	NA	KrishnaswamyLab/MELD
MELT	NA	NA	NA	NA	Ying-Lab/MELT
memento	NA	NA	memento-de	NA	yelabucsf/scrna-parameter-estimation
MERLoT	NA	NA	NA	NA	soedinglab/merlot
MetaCell	NA	NA	NA	NA	tanaylab/metacell
MetacellAnalysisToolkit	NA	NA	NA	NA	GfellerLab/MetacellAnalysisToolkit
metacells	NA	NA	metacells	NA	tanaylab/metacells
METAFlux	NA	NA	NA	NA	KChen-lab/METAFlux
MetaNeighbor	MetaNeighbor	NA	NA	NA	gillislab/MetaNeighbor
MetaTiME	NA	NA	metatime	NA	yi-zhang/MetaTiME
MFA	mfa	NA	NA	NA	kieranrcampbell/mfa
MGFR	MGFR	NA	NA	NA	NA
MGPfactR	NA	NA	NA	NA	renjun0324/MGPfactR
MicroCellClust	NA	NA	NA	NA	agerniers/MicroCellClust
MICTI	NA	NA	MICTI	NA	insilicolife/micti
midaa	NA	NA	NA	NA	sottorivalab/midaa
MIDAS	NA	NA	scmidas	NA	labomics/midas
Millefy	NA	NA	NA	NA	yuifu/millefy
miloR	miloR	NA	NA	NA	MarioniLab/miloR
MIMOSCA	NA	NA	NA	NA	asncd/MIMOSCA
MIND	NA	NA	NA	NA	randel/MIND
MINI-EX	NA	NA	NA	NA	VIB-PSB/MINI-EX
minicore	NA	NA	NA	NA	dnbaker/minicore
minnow	NA	NA	NA	NA	COMBINE-lab/minnow
miQC	miQC	NA	NA	NA	greenelab/miQC
MIRA	NA	NA	mira-multiome	NA	cistrome/MIRA
miRSCAPE	NA	NA	NA	NA	hannenhalli-lab/miRSCAPE
miRTalk	NA	NA	NA	NA	multitalk/miRTalk
Miscell	NA	NA	NA	NA	lixiangchun/Miscell
mitch	mitch	NA	NA	NA	markziemann/mitch
MitoHEAR	NA	MitoHEAR	NA	NA	ScialdoneLab/MitoHEAR
mitoSplitter	NA	NA	NA	NA	lnscan/mitoSplitter
MitoTrace	NA	NA	NA	NA	lkmklsmn/MitoTrace
MiXCR	NA	NA	NA	NA	milaboratory/mixcr
MLG	NA	NA	NA	NA	keleslab/mlg
mLLMCelltype	NA	NA	mllmcelltype	NA	cafferychen777/mLLMCelltype
MMCCI	NA	NA	mmcci	NA	BiomedicalMachineLearning/MultimodalCCI
MMIDAS	NA	NA	NA	NA	AllenInstitute/MMIDAS
mmutil	NA	NA	NA	NA	ypark/mmutil
mmutilR	NA	NA	NA	NA	causalpathlab/mmutilR
mnnpy	NA	NA	mnnpy	NA	chriscainx/mnnpy
Moana	NA	NA	moana	NA	yanailab/moana
MOFA	NA	NA	mofapy	NA	bioFAM/MOFA
MOFA2	MOFA2	NA	mofapy2	NA	bioFAM/MOFA2
Monet	NA	NA	monet	NA	flo-compbio/monet
Monocle	monocle	NA	NA	NA	cole-trapnell-lab/monocle-release
Monod	NA	NA	monod	NA	pachterlab/monod
Monopogen	NA	NA	NA	NA	KChen-lab/Monopogen
mosaicMPI	NA	NA	mosaicmpi	NA	MorrissyLab/mosaicMPI
MOSCATO	NA	NA	NA	NA	lorinmil/MOSCATO
moscot	NA	NA	moscot	NA	theislab/moscot
MOSim	MOSim	NA	NA	NA	ConesaLab/MOSim
Mowgli	NA	NA	mowgli	NA	cantinilab/mowgli
Mpath	NA	NA	NA	NA	JinmiaoChenLab/Mpath
mpCMF	NA	NA	NA	NA	pedrofale/mpCMF
MPSSC	NA	NA	NA	NA	ishspsy/project
MQuad	NA	NA	mquad	NA	single-cell-genetics/MQuad
MRFscRNAseq	NA	NA	NA	NA	eddiehli/MRFscRNAseq
mrtree	NA	NA	NA	NA	pengminshi/MRtree
MSIsensor-RNA	NA	NA	msisensor-rna	NA	xjtu-omics/msisensor-rna
mtANN	NA	NA	mtANN	NA	Zhangxf-ccnu/mtANN
MTD	NA	NA	NA	NA	FEI38750/MTD
MTGO-SC	NA	NA	NA	NA	ne1s0n/MTGOsc
mtSC	NA	NA	mtSC	NA	bm2-lab/mtSC
MUDAN	NA	NA	NA	NA	JEFworks/MUDAN
MuDCoD	NA	NA	NA	NA	bo1929/MuDCoD
MUFFIN	NA	NA	NA	NA	pdelangen/Muffin
multiGroupVI	NA	NA	NA	NA	Genentech/multiGroupVI
MultiK	NA	NA	NA	NA	siyao-liu/MultiK
MultiKano	NA	NA	multikano	NA	BioX-NKU/MultiKano
MultiMAP	NA	NA	NA	NA	Teichlab/MultiMAP
multinichenetr	NA	NA	NA	NA	saeyslab/multinichenetr
Multiscale_PHATE	NA	NA	multiscale-phate	NA	KrishnaswamyLab/Multiscale_PHATE
MultiVelo	NA	NA	multivelo	NA	welch-lab/MultiVelo
MUREN	NA	NA	NA	NA	hippo-yf/MUREN
MURP	NA	NA	NA	NA	renjun0324/MURP
muscat	muscat	NA	NA	NA	HelenaLC/muscat
MuSiC	NA	NA	NA	NA	xuranw/MuSiC
MUSIC	NA	NA	NA	NA	bm2-lab/MUSIC
MuTrans	NA	NA	NA	NA	cliffzhou92/MuTrans-release
mvTCR	NA	NA	NA	NA	SchubertLab/mvTCR
N-ACT	NA	NA	NA	NA	SindiLab/N-ACT
NaiveDE	NA	NA	NaiveDE	NA	Teichlab/NaiveDE
NanoPARE	NA	NA	NA	NA	Gregor-Mendel-Institute/NanoPARE
NATMI	NA	NA	NA	NA	forrest-lab/NATMI
NBID	NA	NA	NA	NA	NA
Nclusion	NA	NA	NA	NA	microsoft/Nclusion.jl
NEBULA	NA	nebula	NA	NA	lhe17/nebula
Nebulosa	Nebulosa	NA	NA	NA	powellgenomicslab/Nebulosa
Neighbor-seq	NA	NA	NA	NA	sjdlabgroup/Neighborseq
NetImpute	NA	NA	NA	NA	yiangcs001/NetImpute
netNMF-sc	NA	NA	netNMFsc	NA	raphael-group/netNMF-sc
netSmooth	netSmooth	NA	NA	NA	BIMSBbioinfo/netSmooth
netsne	NA	NA	NA	NA	hhcho/netsne
NetworkInference	NA	NA	NA	NA	Tchanders/NetworkInference.jl
NeuCA	NeuCA	NA	NA	NA	haoharryfeng/NeuCA
NEUROeSTIMator	NA	NA	NA	NA	NA
NeuronChat	NA	NA	NA	NA	Wei-BioMath/NeuronChat
NewWave	NewWave	NA	NA	NA	fedeago/NewWave
nicheformer	NA	NA	NA	NA	theislab/nicheformer
nichenetr	NA	NA	NA	NA	saeyslab/nichenetr
NICHES	NA	NA	NA	NA	msraredon/NICHES
NIFA	NA	NA	NA	NA	wgmao/NIFA
nimfa	NA	NA	nimfa	NA	ccshao/nimfa
NLBayes	NA	NA	NA	NA	umbibio/nlbayes-python
NOMAD	NA	NA	NA	NA	salzman-lab/nomad
NOMAD2	NA	NA	NA	NA	refresh-bio/NOMAD
Normalisr	NA	NA	normalisr	NA	lingfeiwang/normalisr
northstar	NA	NA	northstar	NA	northstaratlas/northstar
novoSpaRc	NA	NA	novosparc	NA	rajewsky-lab/novosparc
NSForest	NA	NA	nsforest	NA	JCVenterInstitute/NSForest
OCAT	NA	NA	OCAT	NA	bowang-lab/OCAT
Ocelli	NA	NA	ocelli	NA	TabakaLab/ocelli
ODEGRfinder	NA	NA	NA	NA	hmatsu1226/ODEGRfinder
OEFinder	NA	NA	NA	NA	lengning/OEFinder
OGFSC	NA	NA	NA	NA	XZouProjects/OGFSC_matlab
OmicInt	NA	NA	NA	NA	AusteKan/OmicInt
OmicVerse	NA	NA	omicverse	NA	Starlitnightly/omicverse
OnClass	NA	NA	OnClass	NA	wangshenguiuc/OnClass
OnlinePCA	NA	NA	NA	NA	rikenbit/OnlinePCA.jl
OpenBioMed	NA	NA	NA	NA	BioFM/OpenBioMed
OpenVisuMap	NA	NA	NA	NA	VisuMap/OpenVisuMap
Originiator	NA	NA	NA	NA	lanagarmire/Originator
ORIGINS	NA	NA	NA	NA	danielasenraoka/ORIGINS
ORIGINS2	NA	NA	NA	NA	danielasenraoka/ORIGINS2
orthomap	NA	NA	orthomap	NA	kullrich/orthomap
OscoNet	NA	NA	NA	NA	alexisboukouvalas/OscoNet
Oscope	Oscope	NA	NA	NA	NA
Ouija	NA	NA	NA	NA	kieranrcampbell/ouija
ouijaflow	NA	NA	NA	NA	kieranrcampbell/ouijaflow
Outrigger	NA	NA	outrigger	NA	YeoLab/outrigger
PACSI	NA	NA	NA	NA	Chonghui-Liu/PACSI-project
pagoda2	NA	pagoda2	NA	NA	hms-dbmi/pagoda2
Palantir	NA	NA	palantir	NA	dpeerlab/Palantir
PALMO	NA	NA	NA	NA	aifimmunology/PALMO
Palo	NA	NA	NA	NA	Winnie09/Palo
Pamona	NA	NA	pamona	NA	caokai1073/Pamona
Pando	NA	NA	NA	NA	quadbiolab/Pando
Panpipes	NA	NA	panpipes	NA	DendrouLab/panpipes
ParaDPMM	NA	NA	NA	NA	tiehangd/Para_DPMM
PARC	NA	NA	parc	NA	ShobiStassen/PARC
PAUSE	NA	NA	NA	NA	suinleelab/PAUSE
PBA	NA	NA	NA	NA	AllonKleinLab/PBA
PBLR	NA	NA	NA	NA	NA
PCAone	NA	NA	NA	NA	Zilong-Li/PCAone
pcaReduce	NA	NA	NA	NA	JustinaZ/pcaReduce
pCMF	NA	NA	NA	NA	NA
pcqc	NA	NA	NA	NA	RoussosLab/pcqc
pCreode	NA	NA	pcreode	NA	KenLauLab/pCreode
peco	peco	NA	NA	NA	jhsiao999/peco
Pegasus	NA	NA	pegasuspy	NA	klarman-cell-observatory/pegasus
PENCIL	NA	NA	NA	NA	cliffren/PENCIL
PercentMaxDiff	NA	NA	NA	NA	scottyler89/PercentMaxDiff
PHATE	NA	phateR	phate	NA	KrishnaswamyLab/PHATE
PhEMD	NA	NA	NA	NA	KrishnaswamyLab/phemd
PhenoPath	phenopath	NA	NA	NA	kieranrcampbell/phenopath
phenotype-cover	NA	NA	phenotype-cover	NA	euxhenh/phenotype-cover
phiclust	NA	NA	NA	NA	semraulab/phiclust
PhitestR	NA	PhitestR	NA	NA	Vivianstats/PhitestR
PhylEx	NA	NA	NA	NA	junseonghwan/PhylEx
phyloRNA	NA	NA	NA	NA	bioDS/phyloRNA
PhyloVelo	NA	NA	NA	NA	kunwang34/PhyloVelo
PIASO	NA	NA	piaso-tools	NA	genecell/PIASO
Piccolo	NA	NA	NA	NA	Amartya101/Piccolo
PieParty	NA	NA	pieparty	NA	harbourlab/PieParty
PILOT	NA	NA	pilotpy	NA	CostaLab/PILOT
PIMseq	NA	NA	NA	NA	CenterForStatistics-UGent/PIMseq
pipeComp	pipeComp	NA	NA	NA	plger/pipeComp
PISCES	NA	NA	NA	NA	califano-lab/PISCES
PIVOT	NA	NA	NA	NA	qinzhu/PIVOT
pLDA	NA	NA	NA	NA	wuxiaotiankevin/pLDA
pmVAE	NA	NA	NA	NA	ratschlab/pmvae
PoissonUMIs	NA	NA	NA	NA	tallulandrews/PoissonUMIs
Polaratio	NA	NA	NA	NA	dubai03nsr/Polaratio
Pollock	NA	NA	NA	NA	ding-lab/pollock
polyApipe	NA	NA	NA	NA	swbioinf/polyapipe
PopAlign	NA	NA	NA	NA	thomsonlab/popalign
popsicleR	NA	NA	NA	NA	bicciatolab/popsicleR
PopV	NA	NA	popV	NA	YosefLab/popV
Portal	NA	NA	portal-sc	NA	YangLabHKUST/Portal
powerEQTL	NA	NA	NA	NA	sterding/powerEQTL
POWSC	POWSC	NA	NA	NA	suke18/POWSC
powsimR	NA	NA	NA	NA	bvieth/powsimR
PPMS	NA	NA	NA	NA	SrivastavaLab-ICL/PPMS
Pre-Phaser	NA	NA	NA	NA	ayurovsky/Pre-Phaser
PreCanCell	NA	NA	NA	NA	WangX-Lab/PreCanCell
PRESCIENT	NA	NA	prescient	NA	gifford-lab/prescient
pRESTO	NA	NA	presto	NA	immcantation/presto
PreTSA	NA	NA	NA	NA	haotian-zhuang/PreTSA
ProjecTILs	NA	NA	NA	NA	carmonalab/ProjecTILs
ProjectSVR	NA	NA	NA	NA	jarninggau/ProjectSVR
PROSSTT	NA	NA	NA	NA	soedinglab/prosstt
protaccel	NA	NA	protaccel	NA	pachterlab/GSP_2019
Pseudocell_Tracer	NA	NA	NA	NA	akds/pseudocell
pseudodynamics	NA	NA	NA	NA	theislab/pseudodynamics
pseudoga	NA	NA	NA	NA	indranillab/pseudoga
pseudogp	NA	NA	NA	NA	kieranrcampbell/pseudogp
PseudotimeDE	NA	NA	NA	NA	SONGDONGYUAN1994/PseudotimeDE
PsiNorm	NA	NA	NA	NA	MatteoBlla/PsiNorm
Psix	NA	NA	NA	NA	lareaulab/Psix
psupertime	NA	NA	NA	NA	wmacnair/psupertime
pyHSICLasso	NA	NA	pyHSICLasso	NA	riken-aip/pyHSICLasso
PyMINEr	NA	NA	NA	NA	NA
pyNVR	NA	NA	NA	NA	KenLauLab/NVR
Pyro-Velocity	NA	NA	pyrovelocity	NA	pinellolab/pyrovelocity
PySCUBA	NA	NA	PySCUBA	NA	GGiecold/PySCUBA
QClus	NA	NA	NA	NA	scHEARTGROUP/qclus
QDiffusion	NA	NA	NA	NA	marmarelis/QDiffusion.jl
qSNE	NA	NA	NA	NA	NA
quasildr	NA	NA	quasildr	NA	jzthree/quasildr
QUBIC2	NA	NA	NA	NA	OSU-BMBL/QUBIC2
RaceID	NA	RaceID	NA	NA	dgrun/RaceID3_StemID2_package
RADO	NA	NA	scRADO	NA	poseidonchan/RADO
RAFSIL	NA	NA	NA	NA	NA
RainDrop	NA	NA	NA	NA	NA
Randomly	NA	NA	randomly	NA	RabadanLab/randomly
RankCompV3	NA	NA	NA	NA	pathint/RankCompV3.jl
RankCorr	NA	NA	NA	NA	ahsv/RankCorr
RayleighSelection	NA	NA	NA	NA	CamaraLab/RayleighSelection
RCA	NA	NA	NA	NA	GIS-SP-Group/RCA
rCASC	NA	NA	NA	NA	kendomaniac/rCASC
RCAv2	NA	NA	NA	NA	prabhakarlab/RCAv2
RCI-NB	NA	NA	NA	NA	ericstrobl/RCINB
RcppML	NA	RcppML	NA	NA	zdebruine/RcppML
RCSL	RCSL	NA	NA	NA	QinglinMei/RCSL
ReadZS	NA	NA	NA	NA	salzmanlab/ReadZS
REBET	NA	NA	NA	NA	genemine/REBET
reCAT	NA	NA	NA	NA	tinglab/reCAT
RECODE	NA	NA	screcode	NA	yusuke-imoto-lab/RECODE
RECOMBINE	NA	NA	NA	NA	korkutlab/recombine
RecursiveConsensusClustering	NA	NA	NA	NA	MSCTR/RecursiveConsensusClustering
Red_Panda	NA	NA	NA	NA	adamcornish/red_panda
redPATH	NA	NA	NA	NA	tinglab/redPATH
RegDiffusion	NA	NA	regdiffusion	NA	TuftsBCB/RegDiffusion
Regionvelocity	NA	NA	NA	NA	Dekayzc/Regionvelocity
RESA	NA	NA	NA	NA	ShenLab-Genomics/RESA
RESCUE	NA	NA	NA	NA	seasamgo/rescue
ResPAN	NA	NA	ResPAN	NA	AprilYuge/ResPAN
Revelio	NA	NA	NA	NA	danielschw188/Revelio
RgCop	NA	NA	NA	NA	Snehalikalall/RgCop
RGGC	NA	NA	NA	NA	zliu3/RGGC
RISC	NA	NA	NA	NA	bioinfoDZ/RISC
RNA-Bloom	NA	NA	NA	NA	bcgsc/RNA-Bloom
RNA-combine	NA	NA	NA	NA	dongxuemin666/RNA-combine
RNA-Sieve	NA	NA	rnasieve	NA	songlab-cal/rna-sieve
RNA-strain-match	NA	NA	NA	NA	jon-willcox/RNA-strain-match
RNAForecaster	NA	NA	NA	NA	FertigLab/RNAForecaster.jl
RobustCCC	NA	NA	NA	NA	GaoLabXDU/RobustCCC
robustSingleCell	NA	NA	NA	NA	asmagen/robustSingleCell
ROGUE	NA	NA	NA	NA	PaulingLiu/ROGUE
ROSeq	NA	NA	NA	NA	malaalam/ROSeq
ROSeq-R	ROSeq	NA	NA	NA	krishan57gupta/ROSeq
rpca	NA	rpca	NA	NA	macieksk/rpca
rROMA	NA	NA	NA	NA	sysbio-curie/rROMA
RSCORE	NA	NA	NA	NA	wycwycpku/RSCORE
Rsubread	Rsubread	NA	NA	NA	NA
rSuperCT	NA	NA	NA	NA	weilin-genomics/rSuperCT
rusty_axe	NA	NA	rusty-axe-bbrener1	NA	bbrener1/rusty_axe
ruvIIInb	NA	NA	NA	NA	limfuxing/ruvIIInb
RVAgene	NA	NA	NA	NA	maclean-lab/RVAgene
RZiMM	NA	NA	NA	NA	SkadiEye/RZiMM
SAFE	NA	NA	NA	NA	yycunc/SAFEclustering
SageNet	NA	NA	sagenet	NA	MarioniLab/SageNet
SAIC	NA	NA	NA	NA	xiweiwu/SAIC
sake	NA	NA	NA	NA	naikai/sake
salmon	NA	NA	NA	NA	COMBINE-lab/salmon
SAM	NA	NA	sam-algorithm	NA	atarashansky/self-assembling-manifold
SAMap	NA	NA	NA	NA	atarashansky/SAMap
SampleQC	NA	NA	NA	NA	wmacnair/sampleqc
SAMstrt	NA	NA	NA	NA	shka/R-SAMstrt
Sanity	NA	NA	NA	NA	jmbreda/Sanity
Sargent	NA	NA	NA	NA	NA
SASCRiP	NA	NA	SASCRiP	NA	Darisia/SASCRiP
satuRn	satuRn	NA	NA	NA	statOmics/satuRn
SATURN	NA	NA	NA	NA	snap-stanford/saturn
SAUCIE	NA	NA	NA	NA	KrishnaswamyLab/SAUCIE
saVAE	NA	NA	NA	NA	GwangWooKim/saVAE
SAVER	NA	SAVER	NA	NA	mohuangx/SAVER
SAVER-X	NA	NA	NA	NA	jingshuw/SAVERX
SBDN	NA	NA	NA	NA	NA
sc-compReg	NA	NA	NA	NA	SUwonglab/sc-compReg
sc-jnmf	NA	NA	NA	NA	agis09/sc-jnmf
sc-Libra	NA	NA	sc-libra	NA	TranslationalBioinformaticsUnit/LIBRA
sc-REnF	NA	NA	NA	NA	Snehalikalall/sc-REnF
sc2marker	NA	NA	NA	NA	CostaLab/sc2marker
sc2MeNetDrug	NA	NA	NA	NA	fuhaililab/sc2MeNetDrug
SC2P	NA	NA	NA	NA	haowulab/SC2P
SC2Spa	NA	NA	SC2Spa	NA	linbuliao/SC2Spa
SC3	SC3	NA	NA	NA	hemberg-lab/sc3
SC3s	NA	NA	sc3s	NA	hemberg-lab/sc3s
SCA	NA	NA	shannonca	NA	bendemeo/shannonca
scAAnet	NA	NA	scAAnet	NA	AprilYuge/scAAnet_latest
scAce	NA	NA	scace	NA	sldyns/scAce
scACE	NA	NA	NA	NA	cuhklinlab/scACE
scAdapt	NA	NA	NA	NA	zhoux85/scAdapt
scAEGAN	NA	NA	NA	NA	sumeer1/scAEGAN
scAEspy	NA	NA	scaespy	NA	NA
SCAFE	NA	NA	NA	NA	chung-lab/scafe
scaffold	NA	NA	NA	NA	rhondabacher/scaffold
scAI	NA	NA	NA	NA	sqjin/scAI
scAIDE	NA	NA	NA	NA	tinglabs/scAIDE
scAL	NA	NA	NA	NA	xianglin226/scAL
SCALA	NA	NA	NA	NA	PavlopoulosLab/SCALA
SCALE	NA	NA	NA	NA	yuchaojiang/SCALE
SCALEX	NA	NA	scalex	NA	jsxlei/SCALEX
scAlign	NA	NA	scalign	NA	quon-titative-biology/scAlign
scAllele	NA	NA	scAllele	NA	gxiaolab/scAllele
scAlleleCount	NA	NA	NA	NA	barkasn/scAlleleCount
Scallop2	NA	NA	NA	NA	Shao-Group/scallop2
scaLR	NA	NA	pyscaLR	NA	infocusp/scaLR
scAMACE	NA	NA	NA	NA	cuhklinlab/scAMACE
scAMACE_py	NA	NA	NA	NA	cuhklinlab/scAMACE_py
scAmpi	NA	NA	NA	NA	ETH-NEXUS/scAmpi_single_cell_RNA
scAN10	NA	NA	NA	NA	NA
scanalysis	NA	NA	NA	NA	keshav-motwani/scanalysis
scAnCluster	NA	NA	NA	NA	xuebaliang/scAnCluster
SCANet	NA	NA	scanet	NA	oubounyt/SCANet
scANNA	NA	NA	NA	NA	SindiLab/scANNA
scAnno	NA	NA	NA	NA	liuhong-jia/scAnno
scAnnotatR	scAnnotatR	NA	NA	NA	grisslab/scAnnotatR
scAnnoX	NA	NA	NA	NA	XQ-hub/scAnnoX
scanorama	NA	NA	scanorama	NA	brianhie/scanorama
Scanpro	NA	NA	scanpro	NA	loosolab/scanpro
Scanpy	NA	NA	scanpy	NA	theislab/scanpy
scAPA	NA	NA	NA	NA	ElkonLab/scAPA
scAPAtrap	NA	NA	NA	NA	BMILAB/scAPAtrap
SCAPE	NA	NA	scape-apa	NA	LuChenLab/SCAPE
SCAPE-APA	NA	NA	scape-apa	NA	chengl7-lab/scape
scapGNN	NA	scapGNN	NA	NA	XuejiangGuo/scapGNN
SCAPTURE	NA	NA	NA	NA	YangLab/SCAPTURE
scAR	NA	NA	NA	NA	CaibinSh/scAR
scArches	NA	NA	scArches	NA	theislab/scarches
scarf	NA	NA	scarf	NA	parashardhapola/scarf
scasa	NA	NA	NA	NA	eudoraleer/scasa
scASfind	NA	NA	NA	NA	hemberg-lab/scASfind
scASK	NA	NA	NA	NA	liubo2358/scASKcmd
SCASL	NA	NA	NA	NA	xryanglab/SCASL
Scater	scater	NA	NA	NA	Alanocallaghan/scater
scATOMIC	NA	NA	NA	NA	abelson-lab/scATOMIC
SCATrEx	NA	NA	scatrex	NA	cbg-ethz/SCATrEx
SCATS	NA	NA	NA	NA	huyustats/SCATS
scatterHatch	scatterHatch	NA	NA	NA	FertigLab/scatterHatch
SCATTome	NA	NA	NA	NA	bvnlab/SCATTome
scBASE	NA	NA	scbase	NA	churchill-lab/scBASE
scBatch	NA	NA	NA	NA	tengfei-emory/scBatch
scBayes	NA	NA	NA	NA	NA
scbean	NA	NA	scbean	NA	jhu99/scbean
scBERT	NA	NA	NA	NA	TencentAILabHealthcare/scBERT
scBGEDA	NA	NA	NA	NA	wangyh082/scBGEDA
scBiG	NA	NA	scbig	NA	sldyns/scBiG
scBio	NA	scBio	NA	NA	NA
scBonita	NA	NA	NA	NA	Thakar-Lab/scBONITA
scBoolSeq	NA	NA	scBoolSeq	NA	bnediction/scBoolSeq
scBridge	NA	NA	NA	NA	XLearning-SCU/scBridge
scBT	NA	NA	NA	NA	satabdisaha1288/scBT
scBTF	NA	NA	NA	NA	klarman-cell-observatory/scBTF
scBubbletree	scBubbletree	NA	NA	NA	snaketron/scBubbletree
scButterfly	NA	NA	scButterfly	NA	BioX-NKU/scButterfly
SCC	NA	NA	NA	NA	nwpuzhengyan/SCC
scCAD	NA	NA	NA	NA	xuyp-csu/scCAD
scCAEs	NA	NA	NA	NA	gushenweiz/scCAEs
SCCAF	NA	NA	SCCAF	NA	SCCAF/sccaf
scCAN	NA	NA	NA	NA	cran/scCAN
scCancer	NA	NA	NA	NA	wguo-research/scCancer
scCancer2	NA	NA	NA	NA	czythu/scCancer
scCaps	NA	NA	NA	NA	wanglf19/scCaps
scCapsNet-mask	NA	NA	NA	NA	wanglf19/scCapsNet_mask
scCATCH	NA	scCATCH	NA	NA	ZJUFanLab/scCATCH
scCB2	scCB2	NA	NA	NA	zijianni/scCB2
scCCESS	NA	NA	NA	NA	gedcom/scCCESS
scClassifR	NA	NA	NA	NA	grisslab/scClassifR
scClassify	scClassify	NA	NA	NA	SydneyBioX/scClassify
scCLUE	NA	NA	NA	NA	jeonglab/scCLUE
scClustBench	NA	NA	NA	NA	taiyunkim/scClustBench
scclusteval	NA	NA	NA	NA	crazyhottommy/scclusteval
scClustViz	NA	NA	NA	NA	BaderLab/scClustViz
scCobra	NA	NA	NA	NA	GlancerZ/scCobra
scCODA	NA	NA	scCODA	NA	theislab/scCODA
scCODE	NA	NA	NA	NA	XZouProjects/scCODE
sccomp	sccomp	NA	NA	NA	stemangiola/sccomp
scConfluence	NA	NA	scconfluence	NA	cantinilab/scconfluence
scConnect	NA	NA	scConnect	NA	JonETJakobsson/scConnect
scConsensus	NA	NA	NA	NA	prabhakarlab/scConsensus
scCorr	NA	NA	NA	NA	CBIIT-CGBB/scCorr
scCorrector	NA	NA	NA	NA	CocoGzh/scCorrector
scCross	NA	NA	sccross	NA	mcgilldinglab/scCross
scCrossTalk	NA	NA	NA	NA	multitalk/scCrossTalk
scCustomize	NA	scCustomize	NA	NA	samuel-marsh/scCustomize
scDA	NA	NA	NA	NA	ZCCQQWork/scDA
scDALI	NA	NA	NA	NA	PMBio/scdali
scDAPA	NA	NA	NA	NA	NA
scDaPars	NA	NA	NA	NA	YiPeng-Gao/scDaPars
scDART	NA	NA	NA	NA	PeterZZQ/scDART
scDataviz	scDataviz	NA	NA	NA	kevinblighe/scDataviz
scDblFinder	scDblFinder	NA	NA	NA	plger/scDblFinder
scDBM	NA	NA	NA	NA	MTreppner/scDBM.jl
scDC	NA	NA	NA	NA	SydneyBioX/scDC
scDCA	NA	NA	NA	NA	pengsl-lab/scDCA
scDCC	NA	NA	NA	NA	ttgump/scDCC
scDD	scDD	NA	NA	NA	kdkorthauer/scDD
scDDboost	scDDboost	NA	NA	NA	wiscstatman/scDDboost
SCDE	scde	NA	NA	NA	hms-dbmi/scde
scDEA	NA	NA	NA	NA	Zhangxf-ccnu/scDEA
scDEAL	NA	NA	NA	NA	OSU-BMBL/scDEAL
scDECAF	NA	NA	NA	NA	DavisLaboratory/scDECAF
scDecouple	NA	NA	NA	NA	MengQiuchen/scDecouple
scDEED	NA	NA	NA	NA	JSB-UCLA/scDEED
scDeepCluster	NA	NA	NA	NA	ttgump/scDeepCluster
scDeepHash	NA	NA	NA	NA	bowang-lab/scDeepHash
scDeepInsight	NA	NA	scdeepinsight	NA	shangruJia/scDeepInsight
scDeepSort	NA	NA	NA	NA	ZJUFanLab/scDeepSort
scDEF	NA	NA	scdef	NA	cbg-ethz/scDEF
scDesign	NA	NA	NA	NA	Vivianstats/scDesign
scDesign2	NA	NA	NA	NA	JSB-UCLA/scDesign2
scDesign3	scDesign3	NA	NA	NA	SONGDONGYUAN1994/scDesign3
scDetect	NA	NA	NA	NA	IVDgenomicslab/scDetect
scDGN	NA	NA	NA	NA	SongweiGe/scDGN
scDHA	NA	NA	NA	NA	duct317/scDHA
scDHMap	NA	NA	NA	NA	ttgump/scDHMap
scdiff	NA	NA	scdiff	NA	phoenixding/scdiff
scDiffCom	NA	scDiffCom	NA	NA	CyrilLagger/scDiffCom
scDisco	NA	NA	NA	NA	Victory-LRJ/scDisco
scDisInFact	NA	NA	NA	NA	ZhangLabGT/scDisInFact
scDist	NA	NA	NA	NA	phillipnicol/scDist
scdNet	NA	NA	NA	NA	ChenLabGCCRI/scdNet
scdney	NA	NA	NA	NA	sydneybiox/scdney
scDoc	NA	NA	NA	NA	anlingUA/scDoc
scdrake	NA	NA	NA	NA	bioinfocz/scdrake
scDREAMER	NA	NA	scDREAMER	NA	Zafar-Lab/scDREAMER
scDRS	NA	NA	scdrs	NA	martinjzhang/scDRS
scDrug	NA	NA	NA	NA	ailabstw/scDrug
scDrugPrio	NA	NA	NA	NA	SDTC-CPMed/scDrugPrio
scds	scds	NA	NA	NA	kostkalab/scds
sceb	NA	NA	sceb	NA	martinjzhang/single_cell_eb
scEC	NA	NA	NA	NA	mjcasy/scEC
Scedar	NA	NA	scedar	NA	TaylorResearchLab/scedar
scEFSC	NA	NA	NA	NA	Conan-Bian/scEFSC
SCell	NA	NA	NA	NA	diazlab/SCell
SCellBOW	NA	NA	SCellBOW	NA	cellsemantics/SCellBOW
scellpam	NA	scellpam	NA	NA	cran/scellpam
SCelVis	NA	NA	scelvis	NA	bihealth/scelvis
scEMAIL	NA	NA	NA	NA	aster-ww/scEMAIL
SCENA	NA	NA	NA	NA	shaoqiangzhang/SCENA
SCENIC	NA	NA	pyscenic	NA	aertslab/SCENIC
scenicplus	NA	NA	NA	NA	aertslab/scenicplus
SCEnt	NA	SCEnt	NA	NA	hwarden162/SCEnt
SCENT	NA	NA	NA	NA	aet21/SCENT
scEpath	NA	NA	NA	NA	sqjin/scEpath
Sceptic	NA	NA	sceptic	NA	Noble-Lab/Sceptic
scETM	NA	NA	scETM	NA	hui2000ji/scETM
SCEVAN	NA	NA	NA	NA	AntonioDeFalco/SCEVAN
scEvoNet	NA	NA	scevonet	NA	monsoro/scEvoNet
scFates	NA	NA	scFates	NA	LouisFaure/scFates
scFBA	NA	NA	NA	NA	BIMIB-DISCo/scFBA
scFEA	NA	NA	NA	NA	changwn/scFEA
scFeatureFilter	scFeatureFilter	NA	NA	NA	gdevailly/scFeatureFilter
scFeatures	scFeatures	NA	NA	NA	SydneyBioX/scFeatures
scfind	NA	NA	NA	NA	hemberg-lab/scfind
scFlow	NA	NA	NA	NA	combiz/scflow
scFormer	NA	NA	NA	NA	bowang-lab/scFormer
scFseCluster	NA	NA	NA	NA	wzqwtt/scFseClusterV1.0
scFusion	NA	NA	NA	NA	XiDsLab/scFusion
scGAE	NA	NA	NA	NA	ZixiangLuo1161/scGAE
scGALA	NA	NA	scGALA	NA	mcgilldinglab/scGALA
scGAN	NA	NA	NA	NA	imsb-uke/scGAN
scGate	NA	scGate	NA	NA	carmonalab/scGate
scGATE	NA	NA	NA	NA	CompBioIPM/scGATE
scGBM	NA	NA	NA	NA	phillipnicol/scGBM
scGCL	NA	NA	NA	NA	zehaoxiong123/scGCL
scGEAToolbox	NA	NA	NA	NA	jamesjcai/scGEAToolbox
scGen	NA	NA	scgen	NA	theislab/scgen
scGeneFit	NA	NA	NA	NA	solevillar/scGeneFit
scGeom	NA	NA	NA	NA	zcang/scGeom
scGESTALT	NA	NA	NA	NA	aaronmck/SC_GESTALT
scGNN	NA	NA	NA	NA	scgnn/scGNN
scGNN2	NA	NA	NA	NA	OSU-BMBL/scGNN2.0
scGOclust	NA	scGOclust	NA	NA	Papatheodorou-Group/scGOclust
scGPS	scGPS	NA	NA	NA	IMB-Computational-Genomics-Lab/scGPS
scGPT	NA	NA	scgpt	NA	bowang-lab/scGPT
scGraph	NA	NA	NA	NA	QijinYin/scGraph
scGraphNE	NA	NA	NA	NA	sldyns/scGraphNE
scGREAT	NA	NA	scgreat	NA	ChaozhongLiu/scGREAT
scGTM	NA	NA	NA	NA	ElvisCuiHan/scGTM
scGWAS	NA	NA	NA	NA	bsml320/scGWAS
schema	NA	NA	schema-learn	NA	rs239/schema
schex	schex	NA	NA	NA	saskiafreytag/schex
scHinter	NA	NA	NA	NA	BMILAB/scHinter
SCHiRM	NA	NA	NA	NA	jeintos/SCHiRM
schist	NA	NA	NA	NA	dawe/schist
scHLAcount	NA	NA	NA	NA	10XGenomics/scHLAcount
SCHNAPPs	NA	NA	NA	NA	C3BI-pasteur-fr/UTechSCB-SCHNAPPs
SCHNEL	NA	NA	NA	NA	paulderaadt/HSNE-clustering
scHOT	scHOT	NA	NA	NA	shazanfar/scHOT
scHPF	NA	NA	NA	NA	simslab/scHPF
scHPL	NA	NA	scHPL	NA	lcmmichielsen/scHPL
scHumanNet	NA	NA	NA	NA	netbiolab/scHumanNet
scIAE	NA	NA	NA	NA	JGuan-lab/scIAE
scIB	NA	NA	scib	NA	theislab/scib
SCIBER	NA	SCIBER	NA	NA	RavenGan/SCIBER
SciBet	NA	NA	NA	NA	PaulingLiu/scibet
sciCAN	NA	NA	NA	NA	rpmccordlab/sciCAN
scicast	NA	NA	scicast	NA	iandriver/SCICAST
sciCSR	NA	NA	NA	NA	Fraternalilab/sciCSR
scID	NA	NA	NA	NA	BatadaLab/scID
scIGANs	NA	NA	NA	NA	xuyungang/scIGANs
scigenex	NA	NA	NA	NA	dputhier/scigenex
scIHPF	NA	NA	NA	NA	barahona-research-group/scIHPF
SCILEN	NA	NA	NA	NA	jeonglab/SICLEN
Scillus	NA	NA	NA	NA	xmc811/Scillus
SCIM	NA	NA	NA	NA	ratschlab/scim
SCIMITAR	NA	NA	NA	NA	dimenwarper/scimitar
scImpute	NA	NA	NA	NA	Vivianstats/scImpute
SCINA	NA	SCINA	NA	NA	jcao89757/SCINA
SCINET	NA	NA	NA	NA	shmohammadi86/SCINET
SCING	NA	NA	NA	NA	XiaYangLabOrg/SCING
SCING-pipeline	NA	NA	scing	NA	hisplan/scing
scINSIGHT	NA	scINSIGHT	NA	NA	Vivianstats/scINSIGHT
scIntegral	NA	NA	scintegral	NA	hanbin973/scIntegral
sciPENN	NA	NA	sciPENN	NA	jlakkis/sciPENN
scipr	NA	NA	scipr	NA	AmirAlavi/scipr
scirpy	NA	NA	scirpy	NA	icbi-lab/scirpy
scisorseqr	NA	NA	NA	NA	noush-joglekar/scisorseqr
ScisorWiz	NA	NA	NA	NA	ans4013/ScisorWiz
scISR	NA	scISR	NA	NA	duct317/scISR
SCISSORS	NA	NA	NA	NA	jr-leary7/SCISSORS
scITD	NA	scITD	NA	NA	kharchenkolab/scITD
scIVA	NA	NA	NA	NA	IMB-Computational-Genomics-Lab/scIVA
Sciviewer	NA	NA	sciviewer	NA	colabobio/sciviewer
scJIVE	NA	NA	NA	NA	oconnell-statistics-lab/scJIVE
scJoint	NA	NA	NA	NA	SydneyBioX/scJoint
scKB	NA	NA	NA	NA	ohlerlab/scKB
scKINETICS	NA	NA	NA	NA	dpeerlab/scKINETICS
scKWARN	NA	NA	NA	NA	cyhsuTN/scKWARN
scLANE	NA	NA	NA	NA	jr-leary7/scLANE
scLAPA	NA	NA	NA	NA	BMILAB/scLAPA
scLCA	NA	NA	NA	NA	NA
scLens	NA	NA	NA	NA	Mathbiomed/scLENS
scLINE	NA	NA	NA	NA	BMILAB/scLINE
SClineager	NA	NA	NA	NA	inmybrain/SClineager
scLink	NA	scLink	NA	NA	Vivianstats/scLink
scLKME	NA	NA	sclkme	NA	CompCy-lab/scLKME
scLRTC	NA	NA	NA	NA	jianghuaijie/scLRTC
scLVM	NA	NA	scLVM	NA	PMBio/scLVM
scMAGCA	NA	NA	scMAGCA	NA	zemingzhou30/scMAGCA
scMAGeCK	NA	NA	NA	NA	NA
scMAGIC	NA	NA	NA	NA	TianLab-Bioinfo/scMAGIC
scMAGS	NA	NA	scmags	NA	doganlab/scmags
scmallet	NA	NA	scmallet	NA	lhqing/scmallet
scmap	scmap	NA	NA	NA	hemberg-lab/scmap
scMAPA	NA	NA	NA	NA	ybai3/scMAPA
scMappR	NA	scMappR	NA	NA	wilsonlabgroup/scMappR
SCMAPpy	NA	NA	scmappy	NA	gatocor/scmappy
SCMarker	NA	NA	NA	NA	KChen-lab/SCMarker
scMatch	NA	NA	NA	NA	forrest-lab/scMatch
scMayoMap	NA	NA	NA	NA	chloelulu/scMayoMap
scMC	NA	NA	NA	NA	amsszlh/scMC
scMCA	NA	NA	NA	NA	ggjlab/scMCA
scMDC	NA	NA	NA	NA	xianglin226/scMDC
scMDCF	NA	NA	scMDCF	NA	NA
scMEGA	NA	NA	NA	NA	CostaLab/scMEGA
SCMER	NA	NA	scmer	NA	KChen-lab/SCMER
scMerge	scMerge	NA	NA	NA	SydneyBioX/scMerge
scMetric	NA	NA	NA	NA	XuegongLab/scMetric
scMGCA	NA	NA	scMGCA	NA	Philyzh8/scMGCA
scMiko	NA	NA	NA	NA	NMikolajewicz/scMiko
scMINER	NA	NA	NA	NA	jyyulab/scMINER
scMitoMut	scMitoMut	NA	NA	NA	wenjie1991/scMitoMut
scmixture	NA	NA	NA	NA	tt104/scmixture
scMLnet	NA	NA	NA	NA	SunXQlab/scMLnet
scMM	NA	NA	NA	NA	kodaim1115/scMM
scModels	NA	scModels	NA	NA	fuchslab/scModels
scMOG	NA	NA	NA	NA	GaoLabXDU/scMOG
scMoMaT	NA	NA	scmomat	NA	PeterZZQ/scMoMaT
scMomentum	NA	NA	NA	NA	larisa-msoto/scMomentum
scMOO	NA	NA	NA	NA	Zhangxf-ccnu/scMOO
scMRA	NA	NA	NA	NA	ddb-qiwang/scMRA-torch
scMRMA	NA	NA	NA	NA	JiaLiVUMC/scMRMA
scMTD	NA	NA	NA	NA	Jinsl-lab/scMTD
scMuffin	NA	NA	NA	NA	emosca-cnr/scMuffin
scMulan	NA	NA	NA	NA	SuperBianC/scMulan
scMultiSim	scMultiSim	NA	NA	NA	ZhangLabGT/scMultiSim
SCmut	NA	NA	NA	NA	nghiavtr/SCmut
scMVAE	NA	NA	NA	NA	cmzuo11/scMVAE
scNanoGPS	NA	NA	NA	NA	gaolabtools/scNanoGPS
scNAT	NA	NA	NA	NA	biqing-zhu/scNAT
scNBMF	NA	NA	NA	NA	sqsun/scNBMF
scNCA	NA	NA	NA	NA	gongx030/scNCA
scNET	NA	NA	scnet	NA	madilabcode/scNET
scNetViz	NA	NA	NA	NA	RBVI/scNetViz
SCNorm	SCnorm	NA	NA	NA	rhondabacher/SCnorm
scNovel	NA	NA	scNovel	NA	chuanyang-Zheng/scNovel
scNPF	NA	NA	NA	NA	BMILAB/scNPF
SCNS	NA	NA	NA	NA	swoodhouse/SCNS-GUI
scNym	NA	NA	scnym	NA	calico/scnym
SCODE	NA	NA	NA	NA	hmatsu1226/SCODE
SCOIT	NA	NA	SCOIT	NA	deepomicslab/SCOIT
SComatic	NA	NA	NA	NA	cortes-ciriano-lab/SComatic
scone	scone	NA	NA	NA	YosefLab/scone
scOntoMatch	NA	scOntoMatch	NA	NA	Papatheodorou-Group/scOntoMatch
SCope	NA	NA	NA	NA	aertslab/SCope
scopeplus	NA	NA	NA	NA	hiyin/scopeplus
SCOPer	NA	scoper	NA	NA	immcantation/scoper
SCORPION	NA	SCORPION	NA	NA	kuijjerlab/SCORPION
SCORPIUS	NA	SCORPIUS	NA	NA	rcannood/SCORPIUS
SCOTCH	NA	NA	NA	NA	WGLab/SCOTCH
scotplus	NA	NA	scotplus	NA	scotplus/scotplus
SCOUP	NA	NA	NA	NA	hmatsu1226/SCOUP
SCOUT	NA	NA	NA	NA	statway/SCOUT
scover	NA	NA	NA	NA	jacobhepkema/scover
SCP	NA	NA	NA	NA	zhanghao-njmu/SCP
SCPA	NA	NA	NA	NA	jackbibby1/SCPA
scPAFA	NA	NA	scPAFA	NA	ZhuoliHuang/scPAFA
scPagwas	NA	NA	NA	NA	dengchunyu/scPagwas
scPanoView	NA	NA	NA	NA	mhu10/scPanoView
scPathoQuant	NA	NA	NA	NA	galelab/scPathoQuant
SCPattern	NA	NA	NA	NA	lengning/SCPattern
scPCA	scPCA	NA	NA	NA	PhilBoileau/scPCA
scPECA	NA	NA	scPECA	NA	zhangjiahao1234/scPECA
scPharm	NA	NA	NA	NA	WangHYLab/scPharm
scphaser	NA	NA	NA	NA	edsgard/scphaser
scPheno	NA	NA	NA	NA	ZengFLab/scPheno
scPhere	NA	NA	NA	NA	klarman-cell-observatory/scPhere
scPipe	scPipe	NA	NA	NA	LuyiTian/scPipe
scPlant	NA	NA	NA	NA	compbioNJU/scPlant
scploid	NA	NA	NA	NA	MarioniLab/Aneuploidy2017
scPlot	NA	NA	scplot	NA	klarman-cell-observatory/scPlot
scPMP	NA	NA	NA	NA	andrianamanousidaki/scPMP
scPNMF	NA	NA	NA	NA	JSB-UCLA/scPNMF
scpoisson	NA	scpoisson	NA	NA	NA
scPOP	NA	NA	NA	NA	vinay-swamy/scPOP
scPopCorn	NA	NA	scpopcorn	NA	ncbi/scPopCorn
scPOST	NA	NA	NA	NA	immunogenomics/scpost
scPower	NA	NA	NA	NA	heiniglab/scPower
scPRAM	NA	NA	scpram	NA	jiang-q19/scPRAM
scPred	NA	NA	NA	NA	powellgenomicslab/scPred
scprep	NA	NA	scprep	NA	KrishnaswamyLab/scprep
scPretrain	NA	NA	NA	NA	ruiyi-zhang/scPretrain
scPRINT	NA	NA	scprint	NA	cantinilab/scPRINT
scPrisma	NA	NA	NA	NA	nitzanlab/scPrisma
scProject	NA	NA	scProject	NA	gofflab/scProject
scProximitE	NA	NA	scproximite	NA	Ebony-Watson/scProximitE
scPSD	NA	NA	NA	NA	VafaeeLab/psdMAT
scPSM	NA	NA	NA	NA	eleozzr/scPSM
SCpubr	NA	SCpubr	NA	NA	enblacar/SCpubr
scQA	NA	NA	NA	NA	LD-Lyndee/scQA
SCQC	NA	NA	NA	NA	ybai3/scqc
scQCEA	NA	NA	NA	NA	isarnassiri/scQCEA
scQcut	NA	NA	NA	NA	mary77/scQcut
scQuint	NA	NA	NA	NA	songlab-cal/scquint
SCRABBLE	NA	NA	NA	NA	tanlabcode/SCRABBLE
scRAE	NA	NA	NA	NA	arnabkmondal/scRAE
scran	scran	NA	NA	NA	MarioniLab/scran
scRank	NA	NA	NA	NA	ZJUFanLab/scRank
scRANK	NA	NA	NA	NA	aoulas/scRANK
scRAS	NA	NA	NA	NA	AristoQian/scRAS
SCRAT	NA	NA	NA	NA	NA
scRCA	NA	NA	NA	NA	LMC0705/scRCA
scRCMF	NA	NA	NA	NA	XiaoyingZheng121/scRCMF
SCReadCounts	NA	NA	NA	NA	HorvathLab/NGS
scReadSim	NA	NA	scReadSim	NA	JSB-UCLA/scReadSim
scReClassify	scClassify	NA	NA	NA	SydneyBioX/scReClassify
scRecover	scRecover	NA	NA	NA	XuegongLab/scRecover
SCREEN	NA	NA	NA	NA	Califorya/SCREEN
scREhurdle	NA	NA	NA	NA	mnsekula/scREhurdle
scriabin	NA	NA	NA	NA	BlishLab/scriabin
Scribe	NA	NA	NA	NA	aristoteleo/Scribe-py
SCRIP	NA	SCRIP	NA	NA	thecailab/SCRIP
SCRIPro	NA	NA	NA	NA	wanglabtongji/SCRIPro
scRL	NA	NA	singlecellRL	NA	PeterPonyu/scRL
SCRL	NA	NA	NA	NA	SuntreeLi/SCRL
scRMD	NA	NA	NA	NA	ChongC1990/scRMD
scRNA	NA	NA	NA	NA	nicococo/scRNA
scRNABatchQC	NA	NA	NA	NA	liuqivandy/scRNABatchQC
scRNAbox	NA	NA	NA	NA	neurobioinfo/scrnabox
scRNAseqApp	scRNAseqApp	NA	NA	NA	jianhong/scRNAseqApp
scRNASequest	NA	NA	NA	NA	interactivereport/scRNASequest
scRNAss	NA	NA	NA	NA	NA
scROSHI	NA	scROSHI	NA	NA	ETH-NEXUS/scROSHI
Scrublet	NA	NA	scrublet	NA	AllonKleinLab/scrublet
scruff	scruff	NA	NA	NA	campbio/scruff
scRutiNy	NA	NA	RNAscrutiny	NA	NA
scry	scry	NA	NA	NA	kstreet13/scry
SCSA	NA	NA	NA	NA	bioinfo-ibms-pumc/SCSA
scSampler	NA	NA	scsampler	NA	SONGDONGYUAN1994/scsampler
SCSC	NA	NA	NA	NA	WgitU/SCSC
scScope	NA	NA	scScope	NA	AltschulerWu-Lab/scScope
scSDAE	NA	NA	NA	NA	klovbe/scSDAE
scSemiAE	NA	NA	NA	NA	PlusoneD/scSemiAE
scSemiCluster	NA	NA	NA	NA	xuebaliang/scSemiCluster
scSemiProfiler	NA	NA	NA	NA	mcgilldinglab/scSemiProfiler
scSensitiveGeneDefine	NA	NA	NA	NA	Zechuan-Chen/scSensitiveGeneDefine
scSeqComm	NA	NA	NA	NA	NA
scSeqR	NA	NA	NA	NA	rezakj/scSeqR
scShaper	NA	NA	NA	NA	elolab/scshaper
scShapes	scShapes	NA	NA	NA	Malindrie/scShapes
scSHARP	NA	NA	scSHARP	NA	mperozek11/scSHARP_tool
scShift	NA	NA	pertvi	NA	MingzeDong/scShift
scsim	NA	NA	NA	NA	dylkot/scsim
scSimClassify	NA	NA	NA	NA	digi2002/scSimClassify
SCSit	NA	NA	scsit	NA	shang-qian/SCSit
scSniper	NA	NA	NA	NA	mcgilldinglab/scSniper
scSNPdemux	NA	NA	NA	NA	wkljohn/scSNPdemux
scsnv	NA	NA	NA	NA	GWW/scsnv
scSO	NA	NA	NA	NA	QuKunLab/scSO
scSorter	NA	scSorter	NA	NA	hyguo2/scSorter
scSpace	NA	NA	NA	NA	ZJUFanLab/scSpace
scSPARKL	NA	NA	NA	NA	asif7adil/scSparkl
scSplit	NA	NA	scSplit	NA	jon-xu/sc_split
scSTEM	NA	NA	NA	NA	alexQiSong/scSTEM
scSVA	NA	NA	NA	NA	klarman-cell-observatory/scSVA
scTab	NA	NA	NA	NA	theislab/scTab
scTCRseq	NA	NA	NA	NA	ElementoLab/scTCRseq
scTDA	NA	NA	scTDA	NA	pcamara/scTDA
scTE	NA	NA	NA	NA	JiekaiLab/scTE
scTenifoldKnk	NA	scTenifoldKnk	NA	NA	cailab-tamu/scTenifoldKnk
scTenifoldNet	NA	scTenifoldNet	NA	NA	cailab-tamu/scTenifoldNet
scTenifoldpy	NA	NA	scTenifoldpy	NA	qwerty239qwe/scTenifoldpy
scTensor	scTensor	NA	NA	NA	rikenbit/scTensor
scTEP	NA	NA	NA	NA	NA
scTGIF	scTGIF	NA	NA	NA	rikenbit/scTGIF
scTHI	scTHI	NA	NA	NA	miccec/scTHI
scTIE	NA	NA	NA	NA	SydneyBioX/scTIE
scTIM	NA	NA	sc_tim	NA	Frank-Orwell/scTIM
scTITANS	NA	NA	NA	NA	ZJUFanLab/scTITANS
scTM	NA	NA	scTM	NA	JinmiaoChenLab/scTM
scTOP	NA	NA	scTOP	NA	Emergent-Behaviors-in-Biology/scTOP
scTopoGAN	NA	NA	NA	NA	AkashCiel/scTopoGAN
scTour	NA	NA	sctour	NA	LiQian-XC/sctour
scTrace	NA	NA	scTrace	NA	czythu/scTrace
sctransform	NA	sctransform	NA	NA	ChristophH/sctransform
scTree	NA	NA	NA	NA	jspaezp/sctree
scTreeViz	scTreeViz	NA	NA	NA	HCBravoLab/scTreeViz
scTriangulate	NA	NA	sctriangulate	NA	frankligy/scTriangulate
scTSSR	NA	NA	NA	NA	Zhangxf-ccnu/scTSSR
ScType	NA	NA	NA	NA	IanevskiAleksandr/sc-type
scTyper	NA	NA	NA	NA	omicsCore/scTyper
SCUBA	NA	NA	PySCUBA	NA	gcyuan/SCUBA
SCUBI	NA	NA	NA	NA	NA
scumi	NA	NA	NA	NA	NA
scUnifrac	NA	NA	NA	NA	liuqivandy/scUnifrac
SCUREL	NA	NA	NA	NA	zavolanlab/SCUREL
scUTRquant	NA	NA	NA	NA	Mayrlab/scUTRquant
scuttle	scuttle	NA	NA	NA	LTLA/scuttle
scVAE	NA	NA	NA	NA	chgroenbech/scVAE
scVAEIT	NA	NA	scVAEIT	NA	jaydu1/scVAEIT
scValue	NA	NA	scvalue	NA	LHBCB/scvalue
scVDMC	NA	NA	NA	NA	kuanglab/scVDMC
scVEGs	NA	NA	NA	NA	hillas/scVEGs
scVelo	NA	NA	scvelo	NA	theislab/scvelo
scVGAE	NA	NA	NA	NA	inoue0426/scVGAE
scvi-tools	NA	NA	scvi-tools	NA	YosefLab/scvi-tools
scViewer	NA	NA	NA	NA	arpatil01/scViewer
scVirtualCyto	NA	NA	NA	NA	FredPont/single-cell-virtual-cytometer
scvis	NA	NA	NA	NA	NA
scvr	NA	NA	scvr	NA	pinellolab/singlecellvr
scWizard	NA	NA	NA	NA	Dulab2020/scWizard
scX	NA	NA	NA	NA	chernolabs/scX
scywalker	NA	NA	NA	NA	derijkp/scywalker
scziDesk	NA	NA	NA	NA	xuebaliang/scziDesk
SDAMS	SDAMS	NA	NA	NA	NA
SDImpute	NA	NA	NA	NA	Jinsl-lab/SDImpute
SEACells	NA	NA	SEACells	NA	dpeerlab/SEACells
SEAT	NA	NA	pyseat	NA	deepomicslab/SEAT
secDrug	NA	NA	NA	NA	Ujjal-Mukherjee/secDrug
Secuer	NA	NA	secuer	NA	nanawei11/Secuer
SEDIM	NA	NA	NA	NA	li-shaochuan/SEDIM
SEGtool	NA	NA	NA	NA	NA
SelfE	NA	NA	NA	NA	Priyadarshini-Rai/SelfE
SELINA	NA	NA	NA	NA	SELINA-team/SELINA.py
SEMITONES	NA	NA	NA	NA	ohlerlab/SEMITONES
SenePy	NA	NA	senepy	NA	jaleesr/senepy
SEPA	NA	NA	NA	NA	zji90/SEPA
SEPIRA	NA	NA	NA	NA	YC3/SEPIRA
seqgendiff	NA	seqgendiff	NA	NA	dcgerard/seqgendiff
SequencingCancerFinder	NA	NA	NA	NA	Patchouli-M/SequencingCancerFinder
SEQUIN	NA	NA	NA	NA	ncats/public_sequin
SERGIO	NA	NA	sergio-scSim	NA	PayamDiba/SERGIO
SERM	NA	NA	NA	NA	xinglab-ai/self-consistent-expression-recovery-machine
Seurat	NA	Seurat	NA	NA	satijalab/seurat
SeuratV3Wizard	NA	NA	NA	NA	nasqar/seuratv3wizard
SeuratWizard	NA	NA	NA	NA	nasqar/SeuratWizard
SEVtras	NA	NA	SEVtras	NA	bioinfo-biols/SEVtras
sfaira	NA	NA	sfaira	NA	theislab/sfaira
ShareNet	NA	NA	NA	NA	alexw16/sharenet
SHARP	NA	NA	NA	NA	shibiaowan/SHARP
Sharq	NA	NA	NA	NA	NA
SHazaM	NA	shazam	NA	NA	immcantation/shazam
ShinyCell	NA	NA	NA	NA	SGDDNB/ShinyCell
ShinyMultiome-UiO	NA	NA	NA	NA	EskelandLab/ShinyMultiomeUiO
SiCeLoRe	NA	NA	NA	NA	ucagenomix/sicelore
SICILIAN	NA	NA	NA	NA	salzmanlab/SICILIAN
SiCR	NA	NA	NA	NA	NA
Sierra	NA	NA	NA	NA	VCCRI/Sierra
SIEVE	NA	NA	NA	NA	YinanZhang522/SIEVE
SiFINeT	NA	SiFINeT	NA	NA	jichunxie/SifiNet
SiFT	NA	NA	sift-sc	NA	nitzanlab/sift-sc
SigEMD	NA	NA	NA	NA	NabaviLab/SigEMD
sigGCN	NA	NA	NA	NA	NabaviLab/sigGCN
SigHotSpotter	NA	NA	NA	NA	NA
SIGMA	NA	NA	NA	NA	Siliegia/SIGMA
signac	NA	NA	NA	NA	bioturing/signac
SignacX	NA	SignacX	NA	NA	mathewchamberlain/SignacX
signifinder	signifinder	NA	NA	NA	CaluraLab/signifinder
SILGGM	NA	SILGGM	NA	NA	cran/SILGGM
SIMBA	NA	NA	NA	NA	pinellolab/simba
SimCD	NA	NA	NA	NA	namini94/SimCD
SimiC	NA	NA	NA	NA	jianhao2016/simicLASSO_git
SIMLR	SIMLR	NA	SIMLR	NA	BatzoglouLabSU/SIMLR
simpleaf	NA	NA	NA	NA	COMBINE-lab/simpleaf
SIMPLEs	NA	NA	NA	NA	JunLiuLab/SIMPLEs
SIMS	NA	NA	scsims	NA	jlehrer1/sims
simspec	NA	NA	NA	NA	quadbiolab/simspec
SINC	NA	NA	NA	NA	NA
Sincast	NA	NA	NA	NA	meiosis97/Sincast
sincell	sincell	NA	NA	NA	NA
SINCERA	NA	NA	NA	NA	xu-lab/SINCERA
SINCERITIES	NA	NA	NA	NA	CABSEL/SINCERITIES
SinCHet	NA	NA	NA	NA	NA
SinCMat	NA	NA	NA	NA	NA
SingCellaR	NA	NA	NA	NA	supatt-lab/SingCellaR
SINGE	NA	NA	NA	NA	gitter-lab/SINGE
SingleCellExplorer	NA	NA	NA	NA	d-feng/scExplorer
SingleCellGGM	NA	NA	NA	NA	MaShisongLab/SingleCellGGM
singleCellHaystack	NA	singleCellHaystack	NA	NA	alexisvdb/singleCellHaystack
singleCellHaystack-py	NA	NA	singleCellHaystack	NA	ddiez/singleCellHaystack-py
SingleCellNet	NA	NA	NA	NA	pcahan1/singleCellNet
SingleCellSignalR	SingleCellSignalR	NA	NA	NA	SCA-IRCM/SingleCellSignalR
SingleCellSignatureExplorer	NA	NA	NA	NA	NA
singleCellTK	singleCellTK	NA	NA	NA	compbiomed/singleCellTK
SinglePointRNA	NA	NA	NA	NA	ScienceParkMadrid/SinglePointRNA
SingleR	SingleR	NA	NA	NA	dviraran/SingleR
singleseqgset	NA	NA	NA	NA	arc85/singleseqgset
SingleSplice	NA	NA	NA	NA	jw156605/SingleSplice
singlet	NA	NA	singlet	NA	iosonofabio/singlet
SinNLRR	NA	NA	NA	NA	zrq0123/SinNLRR
SinQC	NA	NA	NA	NA	NA
Sinto	NA	NA	sinto	NA	timoast/sinto
SIP	NA	NA	NA	NA	XuegongLab/SIP
SiPSiC	SiPSiC	NA	NA	NA	DanielDavis12/SiPSiC
sircel	NA	NA	NA	NA	pachterlab/Sircel
SISUA	NA	NA	sisua	NA	trungnt13/sisua
siVAE	NA	NA	siVAE	NA	quon-titative-biology/siVAE
SJD	NA	NA	NA	NA	CHuanSite/SJD
sketchR	sketchR	NA	NA	NA	fmicompbio/sketchR
SkewC	NA	NA	NA	NA	LSBDT/SkewC
slalom	slalom	NA	NA	NA	bioFAM/slalom
sleepwalk	NA	sleepwalk	NA	NA	anders-biostat/sleepwalk
SLICE	NA	NA	NA	NA	NA
SLICER	NA	NA	NA	NA	jw156605/SLICER
SLIDE	NA	NA	NA	NA	jishnu-lab/SLIDE
slingshot	slingshot	NA	NA	NA	kstreet13/slingshot
SMAI	NA	NA	NA	NA	rongstat/SMAI
smartid	smartid	NA	NA	NA	DavisLaboratory/smartid
SMaSH	NA	NA	smashpy	NA	NA
SMGR	NA	NA	NA	NA	QSong-github/SMGR
SMILE	NA	NA	NA	NA	rpmccordlab/SMILE
SMNN	NA	NA	NA	NA	yycunc/SMNN
SMSC	NA	NA	NA	NA	NA
SMURF	NA	NA	smurf-imputation	NA	deepomicslab/SMURF
SnapATAC2	NA	NA	snapatac2	NA	kaizhang/SnapATAC2
SnapCCESS	NA	NA	SnapCCESS	NA	yulijia/SnapCCESS
SNN-Cliq	NA	NA	NA	NA	NA
SoCube	NA	NA	socube	NA	idrblab/socube
solo	NA	NA	solo-sc	NA	calico/Solo
SoloTE	NA	NA	NA	NA	bvaldebenitom/SoloTE
SoptSC	NA	NA	NA	NA	WangShuxiong/SoptSC
SOUP	NA	NA	NA	NA	lingxuez/SOUPR
souporcell	NA	NA	NA	NA	wheaton5/souporcell
SoupX	NA	SoupX	NA	NA	constantAmateur/SoupX
SPADE	NA	NA	NA	NA	nolanlab/spade
SpaOTsc	NA	NA	NA	NA	zcang/SpaOTsc
sparca	NA	NA	NA	NA	Neurology-AI-Program/sparca
SparseDC	NA	SparseDC	NA	NA	cran/SparseDC
SPARSim	NA	NA	NA	NA	NA
SPaRTAN	NA	NA	NA	NA	osmanbeyoglulab/SPaRTAN
SpatialScope	NA	NA	NA	NA	YangLabHKUST/SpatialScope
SPECK	NA	SPECK	NA	NA	NA
speckle	speckle	NA	NA	NA	phipsonlab/speckle
Specter	NA	NA	NA	NA	canzarlab/Specter
SPECTRA	NA	NA	NA	NA	dpeerlab/spectra
Spectre	NA	NA	NA	NA	ImmuneDynamics/Spectre
Spectrum	NA	Spectrum	NA	NA	crj32/Spectrum
SPEEDI	NA	NA	NA	NA	FunctionLab/SPEEDI
Sphetcher	NA	NA	NA	NA	canzarlab/Sphetcher
SPLASH	NA	NA	NA	NA	refresh-bio/SPLASH
splattdr	NA	NA	NA	NA	zacharewskilab/splattdr
Splatter	splatter	NA	NA	NA	Oshlack/splatter
spliceJAC	NA	NA	splicejac	NA	federicobocci/spliceJAC
SPmarker	NA	NA	NA	NA	LiLabAtVT/SPMarker
SPRING	NA	NA	NA	NA	AllonKleinLab/SPRING
SPsimSeq	SPsimSeq	NA	NA	NA	CenterForStatistics-UGent/SPsimSeq
spVIPES	NA	NA	spVIPES	NA	nrclaudio/spVIPES
SR2	NA	NA	NA	NA	kai0511/SR2
SSBER	NA	NA	NA	NA	zy456/SSBER
sscClust	NA	NA	NA	NA	Japrin/sscClust
SSrGE	NA	NA	NA	NA	lanagarmire/SSrGE
StabMap	StabMap	NA	NA	NA	MarioniLab/StabMap
STACAS	NA	NA	NA	NA	carmonalab/STACAS
STAR	NA	NA	NA	NA	alexdobin/STAR
STARE	NA	NA	NA	NA	schulzlab/STARE
starmapVis	NA	NA	NA	NA	holab-hku/starmapVis
StationaryOT	NA	NA	NA	NA	zsteve/StationaryOT
STEGO-R	NA	NA	NA	NA	KerryAM-R/STEGO.R
STEM	NA	NA	scSTEM	NA	WhirlFirst/STEM
STEMNET	NA	NA	NA	NA	NA
Stereo3D	NA	NA	NA	NA	bioinfoDZ/Stereo3D
STREAK	NA	STREAK	NA	NA	NA
STREAM	NA	NA	NA	NA	pinellolab/stream
supCPM	NA	NA	NA	NA	zhiqianZ/supCPM
SuperCell	NA	SuperCell	NA	NA	GfellerLab/SuperCell
supercells	NA	NA	supercells	NA	compugen-ltd/supercells
Superscan	NA	NA	NA	NA	cshasha/superscan
SURGE	NA	NA	NA	NA	BennyStrobes/surge
SwarnSeq	NA	NA	NA	NA	sam-uofl/SwarnSeq
switchde	switchde	NA	NA	NA	kieranrcampbell/switchde
SWNE	NA	NA	NA	NA	yanwu2014/swne
Symphony	NA	symphony	NA	NA	immunogenomics/symphony
SymSim	NA	NA	NA	NA	YosefLab/SymSim
SynergisticCore	NA	NA	NA	NA	NA
TACTiCS	NA	NA	NA	NA	kbiharie/TACTiCS
talklr	NA	NA	NA	NA	yuliangwang/talklr
Tangram	NA	NA	tangram-sc	NA	broadinstitute/Tangram
TAR-scRNA-seq	NA	NA	NA	NA	fw262/TAR-scRNA-seq
TarCA	NA	NA	NA	NA	shadowdeng1994/TarCA
TASC	NA	NA	NA	NA	scrna-seq/TASC
tascCODA	NA	NA	tascCODA	NA	bio-datascience/tascCODA
TASIC	NA	NA	NA	NA	NA
tauFisher	NA	NA	NA	NA	micnngo/tauFisher
TBSP	NA	NA	tbsp	NA	phoenixding/tbsp
TCM	NA	NA	NA	NA	gongx030/tcm
TDEseq	NA	NA	NA	NA	fanyue322/TDEseq
TDL	NA	NA	NA	NA	xiaoyeye/TDL
TedSim	NA	NA	NA	NA	Galaxeee/TedSim
Tempo	NA	NA	NA	NA	bauerbach95/tempo
Tempora	NA	NA	NA	NA	BaderLab/Tempora
TENET	NA	NA	NA	NA	neocaleb/TENET
TFvelo	NA	NA	NA	NA	xiaoyeye/TFvelo
tGPT	NA	NA	NA	NA	deeplearningplus/tGPT
TIgGER	trigger	tigger	NA	NA	immcantation/tigger
TIGON	NA	NA	NA	NA	yutongo/TIGON
TILPRED	NA	NA	NA	NA	carmonalab/TILPRED
TimeTalk	NA	NA	NA	NA	ChengLiLab/TimeTalk
TimiGP	NA	NA	NA	NA	CSkylarL/TimiGP
TinGa	NA	NA	NA	NA	Helena-todd/TinGa
TITAN	NA	NA	NA	NA	ohsu-cedar-comp-hub/TITAN
tn_test	NA	NA	truncated-normal	NA	jessemzhang/tn_test
Tobiko	NA	NA	NA	NA	juugii/tobiko
TOMAS	NA	NA	tomas	NA	QiuyuLian/TOMAS
TooManyCells	NA	TooManyCellsR	NA	NA	faryabiLab/too-many-cells
TooManyCellsInteractive	NA	NA	NA	NA	schwartzlab-methods/too-many-cells-interactive
TopOMetry	NA	NA	topometry	NA	davisidarta/topometry
topslam	NA	NA	NA	NA	mzwiessele/topslam
TOSICA	NA	NA	NA	NA	JackieHanLab/TOSICA
Totem	NA	NA	NA	NA	elolab/Totem
TraCeR	NA	NA	NA	NA	teichlab/tracer
trackplot	NA	NA	trackplot	NA	ygidtu/trackplot
tradeSeq	tradeSeq	NA	NA	NA	statomics/tradeSeq
TrAGEDy	NA	NA	NA	NA	No2Ross/TrAGEDy
Trajan	NA	NA	NA	NA	canzarlab/Trajan
TrajectoryNet	NA	NA	TrajectoryNet	NA	KrishnaswamyLab/TrajectoryNet
transformGamPoi	transformGamPoi	NA	NA	NA	const-ae/transformGamPoi
Transmorph	NA	NA	transmorph	NA	Risitop/transmorph
TRAPeS	NA	NA	trapes	NA	yoseflab/trapes
TraSig	NA	NA	NA	NA	doraadong/TraSig
traviz	traviz	NA	NA	NA	koenvandenberge/traviz
Tree-SNE	NA	NA	NA	NA	isaacrob/treesne
TreeCorTreat	NA	NA	NA	NA	byzhang23/TreeCorTreat
TREG	TREG	NA	NA	NA	LieberInstitute/TREG
trendsceek	NA	NA	NA	NA	edsgard/trendsceek
Triangulate	NA	NA	NA	NA	SchulzLab/Triangulate
TRIBAL	NA	NA	NA	NA	elkebir-group/tribal
tricycle	tricycle	NA	NA	NA	hansenlab/tricycle
Triku	NA	NA	triku	NA	NA
TripletCell	NA	NA	NA	NA	liuyan3056/TripletCell
TRIPOD	NA	NA	NA	NA	NA
TRUmiCount	NA	NA	NA	NA	Cibiv/trumicount
TRUST4	NA	NA	NA	NA	liulab-dfci/TRUST4
trVAE	NA	NA	trVAE	NA	theislab/trVAE
TSCAN	TSCAN	NA	NA	NA	zji90/TSCAN
TSEE	NA	NA	NA	NA	ShaokunAn/TSEE
Tweedieverse	NA	NA	NA	NA	himelmallick/Tweedieverse
TWO-SIGMA	NA	twosigma	NA	NA	edvanburen/twosigma
txburst	NA	NA	NA	NA	sandberg-lab/txburst
UCE	NA	NA	NA	NA	snap-stanford/uce
UCell	UCell	NA	NA	NA	carmonalab/UCell
ucie	NA	ucie	NA	NA	NA
UICPC	NA	NA	NA	NA	NA
UMI_analysis	NA	NA	NA	NA	ncgr/UMI-analysis
UMI-tools	NA	NA	umi-tools	NA	CGATOxford/UMI-tools
UMICollapse	NA	NA	NA	NA	Daniel-Liu-c0deb0t/UMICollapse
umis	NA	NA	umis	NA	vals/umis
UNAGI	NA	NA	scUNAGI	NA	mcgilldinglab/UNAGI
UNCURL	NA	NA	uncurl-seq	NA	yjzhang/uncurl_python
UNIFAN	NA	NA	NA	NA	doraadong/UNIFAN
UnionCom	NA	NA	unioncom	NA	caokai1073/UnionCom
UniPath	NA	NA	NA	NA	reggenlab/UniPath
uniPort	NA	NA	uniport	NA	caokai1073/uniPort
UniTVelo	NA	NA	unitvelo	NA	StatBiomed/UniTVelo
UniverSC	NA	NA	NA	NA	minoda-lab/universc
UPhyloplot2	NA	NA	NA	NA	harbourlab/UPhyloplot2
URD	NA	NA	NA	NA	farrellja/URD
uSORT	uSORT	NA	NA	NA	JinmiaoChenLab/uSORT
UVAE	NA	NA	NA	NA	mikephn/UVAE
VAE-SNE	NA	NA	NA	NA	jgraving/vaesne
vaeda	NA	NA	vaeda	NA	kostkalab/vaeda
VALERIE	NA	VALERIE	NA	NA	wenweixiong/VALERIE
valiDrops	NA	NA	NA	NA	madsen-lab/valiDrops
VAM	NA	VAM	NA	NA	NA
VAMF	NA	NA	NA	NA	willtownes/vamf
VarTrix	NA	NA	NA	NA	10XGenomics/vartrix
VASC	NA	NA	NA	NA	wang-research/VASC
VDJdive	VDJdive	NA	NA	NA	kstreet13/VDJdive
VDJPuzzle	NA	NA	NA	NA	NA
VECTOR	NA	NA	NA	NA	jumphone/Vector
VEGA	NA	NA	NA	NA	LucasESBS/vega
velociraptor	velociraptor	NA	NA	NA	kevinrue/velociraptor
VeloCycle	NA	NA	velocycle	NA	lamanno-epfl/velocycle
velocyto	NA	NA	velocyto	NA	velocyto-team/velocyto.R
Velorama	NA	NA	velorama	NA	rs239/velorama
VeloRep	NA	NA	NA	NA	qiaochen/VeloRep
VeloSim	NA	NA	NA	NA	PeterZZQ/VeloSim
VeloVAE	NA	NA	velovae	NA	welch-lab/VeloVAE
VeloVGI	NA	NA	VeloVGI	NA	HuangDDU/velovgi_workstation
VeloViz	veloviz	NA	NA	NA	JEFworks-Lab/veloviz
velvet	NA	NA	NA	NA	rorymaizels/velvet
Venus	NA	NA	NA	NA	aicb-ZhangLabs/Venus
VeTra	NA	NA	NA	NA	wgzgithub/VeTra
VIA	NA	NA	pyVIA	NA	ShobiStassen/VIA
VIPCCA	NA	NA	vipcca	NA	jhu99/vipcca
VIPER	NA	NA	NA	NA	ChenMengjie/VIPER
Vireo	NA	NA	vireoSNP	NA	single-cell-genetics/vireo
VisCello	NA	NA	NA	NA	tanlabcode/VisCello
VISION	NA	NA	NA	NA	YosefLab/VISION
visnormsc	NA	NA	NA	NA	solo7773/visnormsc
vissE	vissE	NA	NA	NA	DavisLaboratory/vissE
VITAE	NA	NA	pyvitae	NA	jaydu1/VITAE
Vitessce	NA	NA	NA	NA	vitessce/vitessce
ViVAE	NA	NA	NA	NA	saeyslab/ViVAE
VIVS	NA	NA	vivs	NA	YosefLab/VIVS
VoxHunt	NA	NA	NA	NA	quadbiolab/voxhunt
VPAC	NA	NA	NA	NA	ShengquanChen/VPAC
Vulture	NA	NA	NA	NA	holab-hku/Vulture
waddR	waddR	NA	NA	NA	goncalves-lab/waddR
WASP	NA	NA	NA	NA	andreashoek/wasp
WAT3R	NA	NA	NA	NA	mainciburu/WAT3R
WaveCrest	NA	NA	NA	NA	lengning/WaveCrest
WEDGE	NA	NA	NA	NA	QuKunLab/WEDGE
wf-single-cell	NA	NA	NA	NA	epi2me-labs/wf-single-cell
Wishbone	NA	NA	wishbone-dev	NA	ManuSetty/wishbone
wot	NA	NA	wot	NA	broadinstitute/wot
Wx	NA	NA	NA	NA	deargen/DearWXpub
XClone	NA	NA	xclone	NA	single-cell-genetics/XClone
XenoCell	NA	NA	NA	NA	NA
ZetaSuite	NA	ZetaSuite	NA	NA	YajingHao/ZetaSuite
ZIAQ	NA	NA	NA	NA	gefeizhang/ZIAQ
ZIFA	NA	NA	NA	NA	epierson9/ZIFA
ZINB-WaVE	zinbwave	NA	NA	NA	drisso/zinbwave
ZINBAE	NA	NA	NA	NA	ttgump/ZINBAE
ZINBMM	NA	NA	NA	NA	mengyunwu2020/ZINBMM
zingeR	NA	NA	NA	NA	statOmics/zingeR
zUMIs	NA	NA	NA	NA	sdparekh/zUMIs
